timestamp,temperature,humidity,container_code,pallet_position,product_description
2025-07-15 01:00:00,-18.27,59.05,FZ-03,P5-B,Frozen Chicken - LOT#FF0925 - 20 Carton
2025-07-15 00:00:00,-19.55,58.46,FZ-03,P5-B,Frozen Chicken - LOT#FF0925 - 20 Carton
2025-07-14 23:00:00,-18.97,58.57,FZ-03,P5-B,Frozen Chicken - LOT#FF0925 - 20 Carton
2025-07-14 22:00:00,-18.84,58.68,FZ-03,P5-B,Frozen Chicken - LOT#FF0925 - 20 Carton
2025-07-14 21:00:00,-18.38,57.63,FZ-03,P5-B,Frozen Chicken - LOT#FF0925 - 20 Carton
2025-07-14 20:00:00,-18.69,56.02,FZ-03,P5-B,Frozen Chicken - LOT#FF0925 - 20 Carton
2025-07-14 19:00:00,-19.05,59.35,FZ-03,P5-B,Frozen Chicken - LOT#FF0925 - 20 Carton
2025-07-14 18:00:00,-18.3,68.43,FZ-03,P5-B,Frozen Chicken - LOT#FF0925 - 20 Carton
2025-07-14 17:00:00,-17.39,65.72,FZ-03,P5-B,Frozen Chicken - LOT#FF0925 - 20 Carton
2025-07-14 16:00:00,-16.92,71.32,FZ-03,P5-B,Frozen Chicken - LOT#FF0925 - 20 Carton
2025-07-14 15:00:00,-17.74,62.18,FZ-03,P5-B,Frozen Chicken - LOT#FF0925 - 20 Carton
2025-07-14 14:00:00,-17.91,68.88,FZ-03,P5-B,Frozen Chicken - LOT#FF0925 - 20 Carton
2025-07-14 13:00:00,-14.31,69.27,FZ-03,P5-B,Frozen Chicken - LOT#FF0925 - 20 Carton
2025-07-14 12:00:00,-18.7,59.31,FZ-03,P5-B,Frozen Chicken - LOT#FF0925 - 20 Carton
2025-07-14 11:00:00,-18.69,67.57,FZ-03,P5-B,Frozen Chicken - LOT#FF0925 - 20 Carton
2025-07-14 10:00:00,-16.65,68.58,FZ-03,P5-B,Frozen Chicken - LOT#FF0925 - 20 Carton
2025-07-14 09:00:00,-16.97,62.0,FZ-03,P5-B,Frozen Chicken - LOT#FF0925 - 20 Carton
2025-07-14 08:00:00,-17.51,66.73,FZ-03,P5-B,Frozen Chicken - LOT#FF0925 - 20 Carton
2025-07-14 07:00:00,-17.08,63.98,FZ-03,P5-B,Frozen Chicken - LOT#FF0925 - 20 Carton
2025-07-14 06:00:00,-18.92,59.98,FZ-03,P5-B,Frozen Chicken - LOT#FF0925 - 20 Carton
2025-07-14 05:00:00,-18.28,62.9,FZ-03,P5-B,Frozen Chicken - LOT#FF0925 - 20 Carton
2025-07-14 04:00:00,-18.39,60.56,FZ-03,P5-B,Frozen Chicken - LOT#FF0925 - 20 Carton
2025-07-14 03:00:00,-18.62,59.15,FZ-03,P5-B,Frozen Chicken - LOT#FF0925 - 20 Carton
2025-07-14 02:00:00,-18.82,59.46,FZ-03,P5-B,Frozen Chicken - LOT#FF0925 - 20 Carton
2025-07-14 01:00:00,-18.64,58.86,FZ-03,P5-B,Frozen Chicken - LOT#FF0925 - 20 Carton
2025-07-14 00:00:00,-18.78,58.17,FZ-03,P5-B,Frozen Chicken - LOT#FF0925 - 20 Carton
2025-07-13 23:00:00,-18.72,58.55,FZ-03,P5-B,Frozen Chicken - LOT#FF0925 - 20 Carton
2025-07-13 22:00:00,-18.92,61.81,FZ-03,P5-B,Frozen Chicken - LOT#FF0925 - 20 Carton
2025-07-13 21:00:00,-18.98,60.88,FZ-03,P5-B,Frozen Chicken - LOT#FF0925 - 20 Carton
2025-07-13 20:00:00,-18.79,58.15,FZ-03,P5-B,Frozen Chicken - LOT#FF0925 - 20 Carton
2025-07-13 19:00:00,-18.67,58.98,FZ-03,P5-B,Frozen Chicken - LOT#FF0925 - 20 Carton
2025-07-13 18:00:00,-17.39,67.55,FZ-03,P5-B,Frozen Chicken - LOT#FF0925 - 20 Carton
2025-07-13 17:00:00,-18.16,67.49,FZ-03,P5-B,Frozen Chicken - LOT#FF0925 - 20 Carton
2025-07-13 16:00:00,-17.75,59.3,FZ-03,P5-B,Frozen Chicken - LOT#FF0925 - 20 Carton
2025-07-13 15:00:00,-17.65,62.56,FZ-03,P5-B,Frozen Chicken - LOT#FF0925 - 20 Carton
2025-07-13 14:00:00,-18.63,67.48,FZ-03,P5-B,Frozen Chicken - LOT#FF0925 - 20 Carton
2025-07-13 13:00:00,-16.87,62.42,FZ-03,P5-B,Frozen Chicken - LOT#FF0925 - 20 Carton
2025-07-13 12:00:00,-17.79,67.23,FZ-03,P5-B,Frozen Chicken - LOT#FF0925 - 20 Carton
2025-07-13 11:00:00,-16.79,60.8,FZ-03,P5-B,Frozen Chicken - LOT#FF0925 - 20 Carton
2025-07-13 10:00:00,-17.66,59.72,FZ-03,P5-B,Frozen Chicken - LOT#FF0925 - 20 Carton
2025-07-13 09:00:00,-17.8,71.65,FZ-03,P5-B,Frozen Chicken - LOT#FF0925 - 20 Carton
2025-07-13 08:00:00,-18.07,65.53,FZ-03,P5-B,Frozen Chicken - LOT#FF0925 - 20 Carton
2025-07-13 07:00:00,-17.85,64.27,FZ-03,P5-B,Frozen Chicken - LOT#FF0925 - 20 Carton
2025-07-13 06:00:00,-18.86,58.15,FZ-03,P5-B,Frozen Chicken - LOT#FF0925 - 20 Carton
2025-07-13 05:00:00,-18.94,60.53,FZ-03,P5-B,Frozen Chicken - LOT#FF0925 - 20 Carton
2025-07-13 04:00:00,-19.1,59.32,FZ-03,P5-B,Frozen Chicken - LOT#FF0925 - 20 Carton
2025-07-13 03:00:00,-19.14,56.92,FZ-03,P5-B,Frozen Chicken - LOT#FF0925 - 20 Carton
2025-07-13 02:00:00,-18.9,57.77,FZ-03,P5-B,Frozen Chicken - LOT#FF0925 - 20 Carton
2025-07-13 01:00:00,-19.09,58.74,FZ-03,P5-B,Frozen Chicken - LOT#FF0925 - 20 Carton
2025-07-13 00:00:00,-19.3,58.32,FZ-03,P5-B,Frozen Chicken - LOT#FF0925 - 20 Carton
2025-07-12 23:00:00,-19.42,58.31,FZ-03,P5-B,Frozen Chicken - LOT#FF0925 - 20 Carton
2025-07-12 22:00:00,-18.74,57.49,FZ-03,P5-B,Frozen Chicken - LOT#FF0925 - 20 Carton
2025-07-12 21:00:00,-19.53,58.04,FZ-03,P5-B,Frozen Chicken - LOT#FF0925 - 20 Carton
2025-07-12 20:00:00,-18.83,60.63,FZ-03,P5-B,Frozen Chicken - LOT#FF0925 - 20 Carton
2025-07-12 19:00:00,-19.18,59.3,FZ-03,P5-B,Frozen Chicken - LOT#FF0925 - 20 Carton
2025-07-12 18:00:00,-17.96,64.75,FZ-03,P5-B,Frozen Chicken - LOT#FF0925 - 20 Carton
2025-07-12 17:00:00,-18.0,58.86,FZ-03,P5-B,Frozen Chicken - LOT#FF0925 - 20 Carton
2025-07-12 16:00:00,-17.29,68.73,FZ-03,P5-B,Frozen Chicken - LOT#FF0925 - 20 Carton
2025-07-12 15:00:00,-16.97,64.84,FZ-03,P5-B,Frozen Chicken - LOT#FF0925 - 20 Carton
2025-07-12 14:00:00,-18.24,66.26,FZ-03,P5-B,Frozen Chicken - LOT#FF0925 - 20 Carton
2025-07-12 13:00:00,-17.98,65.77,FZ-03,P5-B,Frozen Chicken - LOT#FF0925 - 20 Carton
2025-07-12 12:00:00,-17.46,65.51,FZ-03,P5-B,Frozen Chicken - LOT#FF0925 - 20 Carton
2025-07-12 11:00:00,-17.21,58.06,FZ-03,P5-B,Frozen Chicken - LOT#FF0925 - 20 Carton
2025-07-12 10:00:00,-14.03,66.02,FZ-03,P5-B,Frozen Chicken - LOT#FF0925 - 20 Carton
2025-07-12 09:00:00,-17.23,61.81,FZ-03,P5-B,Frozen Chicken - LOT#FF0925 - 20 Carton
2025-07-12 08:00:00,-17.57,63.51,FZ-03,P5-B,Frozen Chicken - LOT#FF0925 - 20 Carton
2025-07-12 07:00:00,-17.52,69.2,FZ-03,P5-B,Frozen Chicken - LOT#FF0925 - 20 Carton
2025-07-12 06:00:00,-18.64,60.15,FZ-03,P5-B,Frozen Chicken - LOT#FF0925 - 20 Carton
2025-07-12 05:00:00,-19.14,60.11,FZ-03,P5-B,Frozen Chicken - LOT#FF0925 - 20 Carton
2025-07-12 04:00:00,-18.77,59.76,FZ-03,P5-B,Frozen Chicken - LOT#FF0925 - 20 Carton
2025-07-12 03:00:00,-19.0,60.62,FZ-03,P5-B,Frozen Chicken - LOT#FF0925 - 20 Carton
2025-07-12 02:00:00,-18.63,58.23,FZ-03,P5-B,Frozen Chicken - LOT#FF0925 - 20 Carton
2025-07-12 01:00:00,-18.98,60.29,FZ-03,P5-B,Frozen Chicken - LOT#FF0925 - 20 Carton
2025-07-12 00:00:00,-19.02,58.2,FZ-03,P5-B,Frozen Chicken - LOT#FF0925 - 20 Carton
2025-07-11 23:00:00,-19.46,60.51,FZ-03,P5-B,Frozen Chicken - LOT#FF0925 - 20 Carton
2025-07-11 22:00:00,-17.14,62.19,FZ-03,P5-B,Frozen Chicken - LOT#FF0925 - 20 Carton
2025-07-11 21:00:00,-18.7,62.23,FZ-03,P5-B,Frozen Chicken - LOT#FF0925 - 20 Carton
2025-07-11 20:00:00,-18.72,60.49,FZ-03,P5-B,Frozen Chicken - LOT#FF0925 - 20 Carton
2025-07-11 19:00:00,-18.54,59.7,FZ-03,P5-B,Frozen Chicken - LOT#FF0925 - 20 Carton
2025-07-11 18:00:00,-16.87,59.91,FZ-03,P5-B,Frozen Chicken - LOT#FF0925 - 20 Carton
2025-07-11 17:00:00,-17.26,65.31,FZ-03,P5-B,Frozen Chicken - LOT#FF0925 - 20 Carton
2025-07-11 16:00:00,-17.14,67.93,FZ-03,P5-B,Frozen Chicken - LOT#FF0925 - 20 Carton
2025-07-11 15:00:00,-17.98,63.31,FZ-03,P5-B,Frozen Chicken - LOT#FF0925 - 20 Carton
2025-07-11 14:00:00,-17.55,62.33,FZ-03,P5-B,Frozen Chicken - LOT#FF0925 - 20 Carton
2025-07-11 13:00:00,-17.62,68.62,FZ-03,P5-B,Frozen Chicken - LOT#FF0925 - 20 Carton
2025-07-11 12:00:00,-18.36,69.41,FZ-03,P5-B,Frozen Chicken - LOT#FF0925 - 20 Carton
2025-07-11 11:00:00,-17.29,65.45,FZ-03,P5-B,Frozen Chicken - LOT#FF0925 - 20 Carton
2025-07-11 10:00:00,-18.18,61.41,FZ-03,P5-B,Frozen Chicken - LOT#FF0925 - 20 Carton
2025-07-11 09:00:00,-17.82,66.54,FZ-03,P5-B,Frozen Chicken - LOT#FF0925 - 20 Carton
2025-07-11 08:00:00,-18.23,64.59,FZ-03,P5-B,Frozen Chicken - LOT#FF0925 - 20 Carton
2025-07-11 07:00:00,-17.98,62.03,FZ-03,P5-B,Frozen Chicken - LOT#FF0925 - 20 Carton
2025-07-11 06:00:00,-18.85,59.11,FZ-03,P5-B,Frozen Chicken - LOT#FF0925 - 20 Carton
2025-07-11 05:00:00,-18.62,57.48,FZ-03,P5-B,Frozen Chicken - LOT#FF0925 - 20 Carton
2025-07-11 04:00:00,-17.77,62.38,FZ-03,P5-B,Frozen Chicken - LOT#FF0925 - 20 Carton
2025-07-11 03:00:00,-19.11,60.84,FZ-03,P5-B,Frozen Chicken - LOT#FF0925 - 20 Carton
2025-07-11 02:00:00,-18.83,56.73,FZ-03,P5-B,Frozen Chicken - LOT#FF0925 - 20 Carton
2025-07-11 01:00:00,-18.49,57.91,FZ-03,P5-B,Frozen Chicken - LOT#FF0925 - 20 Carton
2025-07-11 00:00:00,-18.63,59.58,FZ-03,P5-B,Frozen Chicken - LOT#FF0925 - 20 Carton
2025-07-10 23:00:00,-18.63,58.65,FZ-03,P5-B,Frozen Chicken - LOT#FF0925 - 20 Carton
2025-07-10 22:00:00,-18.46,59.29,FZ-03,P5-B,Frozen Chicken - LOT#FF0925 - 20 Carton
2025-07-10 21:00:00,-18.59,58.52,FZ-03,P5-B,Frozen Chicken - LOT#FF0925 - 20 Carton
2025-07-10 20:00:00,-19.12,60.02,FZ-03,P5-B,Frozen Chicken - LOT#FF0925 - 20 Carton
2025-07-10 19:00:00,-19.01,58.66,FZ-03,P5-B,Frozen Chicken - LOT#FF0925 - 20 Carton
2025-07-10 18:00:00,-18.38,70.05,FZ-03,P5-B,Frozen Chicken - LOT#FF0925 - 20 Carton
2025-07-10 17:00:00,-17.48,69.08,FZ-03,P5-B,Frozen Chicken - LOT#FF0925 - 20 Carton
2025-07-10 16:00:00,-17.4,65.62,FZ-03,P5-B,Frozen Chicken - LOT#FF0925 - 20 Carton
2025-07-10 15:00:00,-17.04,69.51,FZ-03,P5-B,Frozen Chicken - LOT#FF0925 - 20 Carton
2025-07-10 14:00:00,-17.01,61.87,FZ-03,P5-B,Frozen Chicken - LOT#FF0925 - 20 Carton
2025-07-10 13:00:00,-16.97,68.15,FZ-03,P5-B,Frozen Chicken - LOT#FF0925 - 20 Carton
2025-07-10 12:00:00,-17.47,68.88,FZ-03,P5-B,Frozen Chicken - LOT#FF0925 - 20 Carton
2025-07-10 11:00:00,-18.42,65.46,FZ-03,P5-B,Frozen Chicken - LOT#FF0925 - 20 Carton
2025-07-10 10:00:00,-18.04,71.89,FZ-03,P5-B,Frozen Chicken - LOT#FF0925 - 20 Carton
2025-07-10 09:00:00,-17.15,65.35,FZ-03,P5-B,Frozen Chicken - LOT#FF0925 - 20 Carton
2025-07-10 08:00:00,-16.36,64.67,FZ-03,P5-B,Frozen Chicken - LOT#FF0925 - 20 Carton
2025-07-10 07:00:00,-17.89,62.96,FZ-03,P5-B,Frozen Chicken - LOT#FF0925 - 20 Carton
2025-07-10 06:00:00,-19.15,58.33,FZ-03,P5-B,Frozen Chicken - LOT#FF0925 - 20 Carton
2025-07-10 05:00:00,-19.28,58.83,FZ-03,P5-B,Frozen Chicken - LOT#FF0925 - 20 Carton
2025-07-10 04:00:00,-18.3,57.92,FZ-03,P5-B,Frozen Chicken - LOT#FF0925 - 20 Carton
2025-07-10 03:00:00,-18.48,59.18,FZ-03,P5-B,Frozen Chicken - LOT#FF0925 - 20 Carton
2025-07-10 02:00:00,-18.68,57.42,FZ-03,P5-B,Frozen Chicken - LOT#FF0925 - 20 Carton
2025-07-10 01:00:00,-18.52,58.02,FZ-03,P5-B,Frozen Chicken - LOT#FF0925 - 20 Carton
2025-07-10 00:00:00,-18.72,57.66,FZ-03,P5-B,Frozen Chicken - LOT#FF0925 - 20 Carton
2025-07-09 23:00:00,-18.69,62.04,FZ-03,P5-B,Frozen Chicken - LOT#FF0925 - 20 Carton
2025-07-09 22:00:00,-18.52,60.53,FZ-03,P5-B,Frozen Chicken - LOT#FF0925 - 20 Carton
2025-07-09 21:00:00,-19.48,57.75,FZ-03,P5-B,Frozen Chicken - LOT#FF0925 - 20 Carton
2025-07-09 20:00:00,-19.04,61.14,FZ-03,P5-B,Frozen Chicken - LOT#FF0925 - 20 Carton
2025-07-09 19:00:00,-18.36,60.19,FZ-03,P5-B,Frozen Chicken - LOT#FF0925 - 20 Carton
2025-07-09 18:00:00,-18.19,60.44,FZ-03,P5-B,Frozen Chicken - LOT#FF0925 - 20 Carton
2025-07-09 17:00:00,-17.72,70.28,FZ-03,P5-B,Frozen Chicken - LOT#FF0925 - 20 Carton
2025-07-09 16:00:00,-18.13,62.96,FZ-03,P5-B,Frozen Chicken - LOT#FF0925 - 20 Carton
2025-07-09 15:00:00,-15.29,81.91,FZ-03,P5-B,Frozen Chicken - LOT#FF0925 - 20 Carton
2025-07-09 14:00:00,-17.71,64.01,FZ-03,P5-B,Frozen Chicken - LOT#FF0925 - 20 Carton
2025-07-09 13:00:00,-18.07,63.63,FZ-03,P5-B,Frozen Chicken - LOT#FF0925 - 20 Carton
2025-07-09 12:00:00,-17.47,68.09,FZ-03,P5-B,Frozen Chicken - LOT#FF0925 - 20 Carton
2025-07-09 11:00:00,-17.06,62.4,FZ-03,P5-B,Frozen Chicken - LOT#FF0925 - 20 Carton
2025-07-09 10:00:00,-18.91,65.38,FZ-03,P5-B,Frozen Chicken - LOT#FF0925 - 20 Carton
2025-07-09 09:00:00,-17.69,57.15,FZ-03,P5-B,Frozen Chicken - LOT#FF0925 - 20 Carton
2025-07-09 08:00:00,-18.09,64.61,FZ-03,P5-B,Frozen Chicken - LOT#FF0925 - 20 Carton
2025-07-09 07:00:00,-18.54,70.16,FZ-03,P5-B,Frozen Chicken - LOT#FF0925 - 20 Carton
2025-07-09 06:00:00,-18.34,61.46,FZ-03,P5-B,Frozen Chicken - LOT#FF0925 - 20 Carton
2025-07-09 05:00:00,-19.23,61.3,FZ-03,P5-B,Frozen Chicken - LOT#FF0925 - 20 Carton
2025-07-09 04:00:00,-18.73,60.73,FZ-03,P5-B,Frozen Chicken - LOT#FF0925 - 20 Carton
2025-07-09 03:00:00,-18.91,57.71,FZ-03,P5-B,Frozen Chicken - LOT#FF0925 - 20 Carton
2025-07-09 02:00:00,-18.62,58.47,FZ-03,P5-B,Frozen Chicken - LOT#FF0925 - 20 Carton
2025-07-09 01:00:00,-18.52,57.49,FZ-03,P5-B,Frozen Chicken - LOT#FF0925 - 20 Carton
2025-07-09 00:00:00,-18.84,58.79,FZ-03,P5-B,Frozen Chicken - LOT#FF0925 - 20 Carton
2025-07-08 23:00:00,-18.53,60.76,FZ-03,P5-B,Frozen Chicken - LOT#FF0925 - 20 Carton
2025-07-08 22:00:00,-19.09,58.42,FZ-03,P5-B,Frozen Chicken - LOT#FF0925 - 20 Carton
2025-07-08 21:00:00,-18.83,56.91,FZ-03,P5-B,Frozen Chicken - LOT#FF0925 - 20 Carton
2025-07-08 20:00:00,-18.63,58.38,FZ-03,P5-B,Frozen Chicken - LOT#FF0925 - 20 Carton
2025-07-08 19:00:00,-19.0,60.6,FZ-03,P5-B,Frozen Chicken - LOT#FF0925 - 20 Carton
2025-07-08 18:00:00,-16.67,61.71,FZ-03,P5-B,Frozen Chicken - LOT#FF0925 - 20 Carton
2025-07-08 17:00:00,-16.46,63.42,FZ-03,P5-B,Frozen Chicken - LOT#FF0925 - 20 Carton
2025-07-08 16:00:00,-18.59,64.44,FZ-03,P5-B,Frozen Chicken - LOT#FF0925 - 20 Carton
2025-07-08 15:00:00,-17.79,63.38,FZ-03,P5-B,Frozen Chicken - LOT#FF0925 - 20 Carton
2025-07-08 14:00:00,-16.3,67.35,FZ-03,P5-B,Frozen Chicken - LOT#FF0925 - 20 Carton
2025-07-08 13:00:00,-18.14,60.96,FZ-03,P5-B,Frozen Chicken - LOT#FF0925 - 20 Carton
2025-07-08 12:00:00,-17.63,69.84,FZ-03,P5-B,Frozen Chicken - LOT#FF0925 - 20 Carton
2025-07-08 11:00:00,-17.6,69.13,FZ-03,P5-B,Frozen Chicken - LOT#FF0925 - 20 Carton
2025-07-08 10:00:00,-17.52,66.32,FZ-03,P5-B,Frozen Chicken - LOT#FF0925 - 20 Carton
2025-07-08 09:00:00,-17.7,64.69,FZ-03,P5-B,Frozen Chicken - LOT#FF0925 - 20 Carton
2025-07-08 08:00:00,-17.6,67.07,FZ-03,P5-B,Frozen Chicken - LOT#FF0925 - 20 Carton
2025-07-08 07:00:00,-17.51,58.84,FZ-03,P5-B,Frozen Chicken - LOT#FF0925 - 20 Carton
2025-07-08 06:00:00,-18.81,59.46,FZ-03,P5-B,Frozen Chicken - LOT#FF0925 - 20 Carton
2025-07-08 05:00:00,-19.11,57.76,FZ-03,P5-B,Frozen Chicken - LOT#FF0925 - 20 Carton
2025-07-08 04:00:00,-18.55,56.7,FZ-03,P5-B,Frozen Chicken - LOT#FF0925 - 20 Carton
2025-07-08 03:00:00,-18.38,58.69,FZ-03,P5-B,Frozen Chicken - LOT#FF0925 - 20 Carton
2025-07-08 02:00:00,-18.56,57.14,FZ-03,P5-B,Frozen Chicken - LOT#FF0925 - 20 Carton
2025-07-08 01:00:00,-18.83,60.1,FZ-03,P5-B,Frozen Chicken - LOT#FF0925 - 20 Carton
2025-07-08 00:00:00,-19.3,58.4,FZ-03,P5-B,Frozen Chicken - LOT#FF0925 - 20 Carton
2025-07-07 23:00:00,-18.9,59.1,FZ-03,P5-B,Frozen Chicken - LOT#FF0925 - 20 Carton
2025-07-07 22:00:00,-18.3,59.3,FZ-03,P5-B,Frozen Chicken - LOT#FF0925 - 20 Carton
2025-07-07 21:00:00,-19.2,58.2,FZ-03,P5-B,Frozen Chicken - LOT#FF0925 - 20 Carton
2025-07-07 20:00:00,-19.2,60.0,FZ-03,P5-B,Frozen Chicken - LOT#FF0925 - 20 Carton
2025-07-07 19:00:00,-19.0,59.2,FZ-03,P5-B,Frozen Chicken - LOT#FF0925 - 20 Carton
2025-07-07 18:00:00,-18.1,64.3,FZ-03,P5-B,Frozen Chicken - LOT#FF0925 - 20 Carton
2025-07-07 17:00:00,-17.1,66.6,FZ-03,P5-B,Frozen Chicken - LOT#FF0925 - 20 Carton
2025-07-07 16:00:00,-17.8,65.0,FZ-03,P5-B,Frozen Chicken - LOT#FF0925 - 20 Carton
2025-07-07 15:00:00,-17.2,67.1,FZ-03,P5-B,Frozen Chicken - LOT#FF0925 - 20 Carton
2025-07-07 14:00:00,-17.9,65.4,FZ-03,P5-B,Frozen Chicken - LOT#FF0925 - 20 Carton
2025-07-07 13:00:00,-16.7,66.4,FZ-03,P5-B,Frozen Chicken - LOT#FF0925 - 20 Carton
2025-07-07 12:00:00,-14.0,89.6,FZ-03,P5-B,Frozen Chicken - LOT#FF0925 - 20 Carton
2025-07-07 11:00:00,-15.4,77.8,FZ-03,P5-B,Frozen Chicken - LOT#FF0925 - 20 Carton
2025-07-07 10:00:00,-17.0,65.6,FZ-03,P5-B,Frozen Chicken - LOT#FF0925 - 20 Carton
2025-07-07 09:00:00,-17.2,64.9,FZ-03,P5-B,Frozen Chicken - LOT#FF0925 - 20 Carton
2025-07-07 08:00:00,-18.1,64.6,FZ-03,P5-B,Frozen Chicken - LOT#FF0925 - 20 Carton
2025-07-07 07:00:00,-18.1,65.0,FZ-03,P5-B,Frozen Chicken - LOT#FF0925 - 20 Carton
2025-07-07 06:00:00,-18.8,59.4,FZ-03,P5-B,Frozen Chicken - LOT#FF0925 - 20 Carton
2025-07-07 05:00:00,-19.2,60.5,FZ-03,P5-B,Frozen Chicken - LOT#FF0925 - 20 Carton
2025-07-07 04:00:00,-18.3,60.0,FZ-03,P5-B,Frozen Chicken - LOT#FF0925 - 20 Carton
2025-07-07 03:00:00,-18.8,58.8,FZ-03,P5-B,Frozen Chicken - LOT#FF0925 - 20 Carton
2025-07-07 02:00:00,-19.0,58.6,FZ-03,P5-B,Frozen Chicken - LOT#FF0925 - 20 Carton
2025-07-07 01:00:00,-18.6,58.3,FZ-03,P5-B,Frozen Chicken - LOT#FF0925 - 20 Carton
2025-07-07 00:00:00,-18.7,57.8,FZ-03,P5-B,Frozen Chicken - LOT#FF0925 - 20 Carton
2025-07-06 23:00:00,-18.9,59.9,FZ-03,P5-B,Frozen Chicken - LOT#FF0925 - 20 Carton
2025-07-06 22:00:00,-18.9,60.5,FZ-03,P5-B,Frozen Chicken - LOT#FF0925 - 20 Carton
2025-07-06 21:00:00,-18.5,58.8,FZ-03,P5-B,Frozen Chicken - LOT#FF0925 - 20 Carton
2025-07-06 20:00:00,-18.4,58.8,FZ-03,P5-B,Frozen Chicken - LOT#FF0925 - 20 Carton
2025-07-06 19:00:00,-16.9,75.3,FZ-03,P5-B,Frozen Chicken - LOT#FF0925 - 20 Carton
2025-07-06 18:00:00,-15.6,77.1,FZ-03,P5-B,Frozen Chicken - LOT#FF0925 - 20 Carton
2025-07-06 17:00:00,-17.1,66.0,FZ-03,P5-B,Frozen Chicken - LOT#FF0925 - 20 Carton
2025-07-06 16:00:00,-17.2,66.2,FZ-03,P5-B,Frozen Chicken - LOT#FF0925 - 20 Carton
2025-07-06 15:00:00,-17.1,67.6,FZ-03,P5-B,Frozen Chicken - LOT#FF0925 - 20 Carton
2025-07-06 14:00:00,-17.6,66.3,FZ-03,P5-B,Frozen Chicken - LOT#FF0925 - 20 Carton
2025-07-06 13:00:00,-16.7,65.9,FZ-03,P5-B,Frozen Chicken - LOT#FF0925 - 20 Carton
2025-07-06 12:00:00,-17.9,67.4,FZ-03,P5-B,Frozen Chicken - LOT#FF0925 - 20 Carton
2025-07-06 11:00:00,-17.9,64.2,FZ-03,P5-B,Frozen Chicken - LOT#FF0925 - 20 Carton
2025-07-06 10:00:00,-17.8,66.0,FZ-03,P5-B,Frozen Chicken - LOT#FF0925 - 20 Carton
2025-07-06 09:00:00,-17.9,64.4,FZ-03,P5-B,Frozen Chicken - LOT#FF0925 - 20 Carton
2025-07-06 08:00:00,-17.3,65.8,FZ-03,P5-B,Frozen Chicken - LOT#FF0925 - 20 Carton
2025-07-06 07:00:00,-17.9,64.4,FZ-03,P5-B,Frozen Chicken - LOT#FF0925 - 20 Carton
2025-07-06 06:00:00,-19.1,60.0,FZ-03,P5-B,Frozen Chicken - LOT#FF0925 - 20 Carton
2025-07-06 05:00:00,-19.1,59.9,FZ-03,P5-B,Frozen Chicken - LOT#FF0925 - 20 Carton
2025-07-06 04:00:00,-17.7,71.4,FZ-03,P5-B,Frozen Chicken - LOT#FF0925 - 20 Carton
2025-07-06 03:00:00,-16.9,77.3,FZ-03,P5-B,Frozen Chicken - LOT#FF0925 - 20 Carton
2025-07-06 02:00:00,-16.5,73.2,FZ-03,P5-B,Frozen Chicken - LOT#FF0925 - 20 Carton
2025-07-06 01:00:00,-17.6,66.1,FZ-03,P5-B,Frozen Chicken - LOT#FF0925 - 20 Carton
2025-07-06 00:00:00,-18.5,57.6,FZ-03,P5-B,Frozen Chicken - LOT#FF0925 - 20 Carton
2025-07-05 23:00:00,-19.1,60.4,FZ-03,P5-B,Frozen Chicken - LOT#FF0925 - 20 Carton
2025-07-05 22:00:00,-18.1,60.8,FZ-03,P5-B,Frozen Chicken - LOT#FF0925 - 20 Carton
2025-07-05 21:00:00,-18.6,59.6,FZ-03,P5-B,Frozen Chicken - LOT#FF0925 - 20 Carton
2025-07-05 20:00:00,-18.5,60.1,FZ-03,P5-B,Frozen Chicken - LOT#FF0925 - 20 Carton
2025-07-05 19:00:00,-18.6,59.3,FZ-03,P5-B,Frozen Chicken - LOT#FF0925 - 20 Carton
2025-07-05 18:00:00,-17.6,65.5,FZ-03,P5-B,Frozen Chicken - LOT#FF0925 - 20 Carton
2025-07-05 17:00:00,-17.4,65.8,FZ-03,P5-B,Frozen Chicken - LOT#FF0925 - 20 Carton
2025-07-05 16:00:00,-17.6,66.0,FZ-03,P5-B,Frozen Chicken - LOT#FF0925 - 20 Carton
2025-07-05 15:00:00,-17.4,67.3,FZ-03,P5-B,Frozen Chicken - LOT#FF0925 - 20 Carton
2025-07-05 14:00:00,-17.4,66.3,FZ-03,P5-B,Frozen Chicken - LOT#FF0925 - 20 Carton
2025-07-05 13:00:00,-17.2,65.2,FZ-03,P5-B,Frozen Chicken - LOT#FF0925 - 20 Carton
2025-07-05 12:00:00,-18.3,67.8,FZ-03,P5-B,Frozen Chicken - LOT#FF0925 - 20 Carton
2025-07-05 11:00:00,-18.1,64.6,FZ-03,P5-B,Frozen Chicken - LOT#FF0925 - 20 Carton
2025-07-05 10:00:00,-17.8,65.0,FZ-03,P5-B,Frozen Chicken - LOT#FF0925 - 20 Carton
2025-07-05 09:00:00,-17.3,63.8,FZ-03,P5-B,Frozen Chicken - LOT#FF0925 - 20 Carton
2025-07-05 08:00:00,-17.4,64.8,FZ-03,P5-B,Frozen Chicken - LOT#FF0925 - 20 Carton
2025-07-05 07:00:00,-18.3,63.9,FZ-03,P5-B,Frozen Chicken - LOT#FF0925 - 20 Carton
2025-07-05 06:00:00,-18.5,58.8,FZ-03,P5-B,Frozen Chicken - LOT#FF0925 - 20 Carton
2025-07-05 05:00:00,-19.0,58.9,FZ-03,P5-B,Frozen Chicken - LOT#FF0925 - 20 Carton
2025-07-05 04:00:00,-18.3,59.7,FZ-03,P5-B,Frozen Chicken - LOT#FF0925 - 20 Carton
2025-07-05 03:00:00,-18.4,58.6,FZ-03,P5-B,Frozen Chicken - LOT#FF0925 - 20 Carton
2025-07-05 02:00:00,-19.0,58.4,FZ-03,P5-B,Frozen Chicken - LOT#FF0925 - 20 Carton
2025-07-05 01:00:00,-19.1,58.4,FZ-03,P5-B,Frozen Chicken - LOT#FF0925 - 20 Carton
2025-07-05 00:00:00,-19.4,59.0,FZ-03,P5-B,Frozen Chicken - LOT#FF0925 - 20 Carton
2025-07-04 23:00:00,-18.6,59.6,FZ-03,P5-B,Frozen Chicken - LOT#FF0925 - 20 Carton
2025-07-04 22:00:00,-18.6,59.8,FZ-03,P5-B,Frozen Chicken - LOT#FF0925 - 20 Carton
2025-07-04 21:00:00,-19.2,59.4,FZ-03,P5-B,Frozen Chicken - LOT#FF0925 - 20 Carton
2025-07-04 20:00:00,-19.1,59.3,FZ-03,P5-B,Frozen Chicken - LOT#FF0925 - 20 Carton
2025-07-04 19:00:00,-18.7,60.2,FZ-03,P5-B,Frozen Chicken - LOT#FF0925 - 20 Carton
2025-07-04 18:00:00,-18.0,64.1,FZ-03,P5-B,Frozen Chicken - LOT#FF0925 - 20 Carton
2025-07-04 17:00:00,-17.3,65.9,FZ-03,P5-B,Frozen Chicken - LOT#FF0925 - 20 Carton
2025-07-04 16:00:00,-17.9,66.1,FZ-03,P5-B,Frozen Chicken - LOT#FF0925 - 20 Carton
2025-07-04 15:00:00,-17.4,67.6,FZ-03,P5-B,Frozen Chicken - LOT#FF0925 - 20 Carton
2025-07-04 14:00:00,-17.8,65.7,FZ-03,P5-B,Frozen Chicken - LOT#FF0925 - 20 Carton
2025-07-04 13:00:00,-17.6,64.9,FZ-03,P5-B,Frozen Chicken - LOT#FF0925 - 20 Carton
2025-07-04 12:00:00,-18.2,66.5,FZ-03,P5-B,Frozen Chicken - LOT#FF0925 - 20 Carton
2025-07-04 11:00:00,-18.1,63.8,FZ-03,P5-B,Frozen Chicken - LOT#FF0925 - 20 Carton
2025-07-04 10:00:00,-17.0,66.1,FZ-03,P5-B,Frozen Chicken - LOT#FF0925 - 20 Carton
2025-07-04 09:00:00,-17.9,63.6,FZ-03,P5-B,Frozen Chicken - LOT#FF0925 - 20 Carton
2025-07-04 08:00:00,-16.5,78.6,FZ-03,P5-B,Frozen Chicken - LOT#FF0925 - 20 Carton
2025-07-04 07:00:00,-15.4,81.4,FZ-03,P5-B,Frozen Chicken - LOT#FF0925 - 20 Carton
2025-07-04 06:00:00,-16.4,73.5,FZ-03,P5-B,Frozen Chicken - LOT#FF0925 - 20 Carton
2025-07-04 05:00:00,-17.6,66.2,FZ-03,P5-B,Frozen Chicken - LOT#FF0925 - 20 Carton
2025-07-04 04:00:00,-18.8,58.9,FZ-03,P5-B,Frozen Chicken - LOT#FF0925 - 20 Carton
2025-07-04 03:00:00,-18.9,59.7,FZ-03,P5-B,Frozen Chicken - LOT#FF0925 - 20 Carton
2025-07-04 02:00:00,-18.6,58.3,FZ-03,P5-B,Frozen Chicken - LOT#FF0925 - 20 Carton
2025-07-04 01:00:00,-19.0,59.6,FZ-03,P5-B,Frozen Chicken - LOT#FF0925 - 20 Carton
2025-07-04 00:00:00,-19.3,58.5,FZ-03,P5-B,Frozen Chicken - LOT#FF0925 - 20 Carton
2025-07-03 23:00:00,-18.5,60.6,FZ-03,P5-B,Frozen Chicken - LOT#FF0925 - 20 Carton
2025-07-03 22:00:00,-18.6,59.5,FZ-03,P5-B,Frozen Chicken - LOT#FF0925 - 20 Carton
2025-07-03 21:00:00,-19.0,59.7,FZ-03,P5-B,Frozen Chicken - LOT#FF0925 - 20 Carton
2025-07-03 20:00:00,-19.0,59.3,FZ-03,P5-B,Frozen Chicken - LOT#FF0925 - 20 Carton
2025-07-03 19:00:00,-19.2,60.4,FZ-03,P5-B,Frozen Chicken - LOT#FF0925 - 20 Carton
2025-07-03 18:00:00,-17.8,64.7,FZ-03,P5-B,Frozen Chicken - LOT#FF0925 - 20 Carton
2025-07-03 17:00:00,-17.6,66.4,FZ-03,P5-B,Frozen Chicken - LOT#FF0925 - 20 Carton
2025-07-03 16:00:00,-17.4,65.0,FZ-03,P5-B,Frozen Chicken - LOT#FF0925 - 20 Carton
2025-07-03 15:00:00,-14.0,88.8,FZ-03,P5-B,Frozen Chicken - LOT#FF0925 - 20 Carton
2025-07-03 14:00:00,-15.6,82.0,FZ-03,P5-B,Frozen Chicken - LOT#FF0925 - 20 Carton
2025-07-03 13:00:00,-16.8,74.6,FZ-03,P5-B,Frozen Chicken - LOT#FF0925 - 20 Carton
2025-07-03 12:00:00,-17.9,67.3,FZ-03,P5-B,Frozen Chicken - LOT#FF0925 - 20 Carton
2025-07-03 11:00:00,-17.5,64.1,FZ-03,P5-B,Frozen Chicken - LOT#FF0925 - 20 Carton
2025-07-03 10:00:00,-17.2,66.4,FZ-03,P5-B,Frozen Chicken - LOT#FF0925 - 20 Carton
2025-07-03 09:00:00,-17.0,64.5,FZ-03,P5-B,Frozen Chicken - LOT#FF0925 - 20 Carton
2025-07-03 08:00:00,-17.8,65.2,FZ-03,P5-B,Frozen Chicken - LOT#FF0925 - 20 Carton
2025-07-03 07:00:00,-18.2,65.5,FZ-03,P5-B,Frozen Chicken - LOT#FF0925 - 20 Carton
2025-07-03 06:00:00,-18.9,60.5,FZ-03,P5-B,Frozen Chicken - LOT#FF0925 - 20 Carton
2025-07-03 05:00:00,-19.2,60.6,FZ-03,P5-B,Frozen Chicken - LOT#FF0925 - 20 Carton
2025-07-03 04:00:00,-18.2,60.4,FZ-03,P5-B,Frozen Chicken - LOT#FF0925 - 20 Carton
2025-07-03 03:00:00,-19.1,58.4,FZ-03,P5-B,Frozen Chicken - LOT#FF0925 - 20 Carton
2025-07-03 02:00:00,-19.1,57.2,FZ-03,P5-B,Frozen Chicken - LOT#FF0925 - 20 Carton
2025-07-03 01:00:00,-18.6,58.1,FZ-03,P5-B,Frozen Chicken - LOT#FF0925 - 20 Carton
2025-07-03 00:00:00,-18.9,59.3,FZ-03,P5-B,Frozen Chicken - LOT#FF0925 - 20 Carton
2025-07-02 23:00:00,-19.0,60.6,FZ-03,P5-B,Frozen Chicken - LOT#FF0925 - 20 Carton
2025-07-02 22:00:00,-18.8,73.4,FZ-03,P5-B,Frozen Chicken - LOT#FF0925 - 20 Carton
2025-07-02 21:00:00,-14.5,87.9,FZ-03,P5-B,Frozen Chicken - LOT#FF0925 - 20 Carton
2025-07-02 20:00:00,-15.2,82.7,FZ-03,P5-B,Frozen Chicken - LOT#FF0925 - 20 Carton
2025-07-02 19:00:00,-16.1,77.7,FZ-03,P5-B,Frozen Chicken - LOT#FF0925 - 20 Carton
2025-07-02 18:00:00,-16.8,71.9,FZ-03,P5-B,Frozen Chicken - LOT#FF0925 - 20 Carton
2025-07-02 17:00:00,-17.3,66.6,FZ-03,P5-B,Frozen Chicken - LOT#FF0925 - 20 Carton
2025-07-02 16:00:00,-17.6,66.7,FZ-03,P5-B,Frozen Chicken - LOT#FF0925 - 20 Carton
2025-07-02 15:00:00,-17.5,66.6,FZ-03,P5-B,Frozen Chicken - LOT#FF0925 - 20 Carton
2025-07-02 14:00:00,-17.8,65.9,FZ-03,P5-B,Frozen Chicken - LOT#FF0925 - 20 Carton
2025-07-02 13:00:00,-17.3,64.8,FZ-03,P5-B,Frozen Chicken - LOT#FF0925 - 20 Carton
2025-07-02 12:00:00,-17.5,66.2,FZ-03,P5-B,Frozen Chicken - LOT#FF0925 - 20 Carton
2025-07-02 11:00:00,-17.3,64.9,FZ-03,P5-B,Frozen Chicken - LOT#FF0925 - 20 Carton
2025-07-02 10:00:00,-17.6,64.6,FZ-03,P5-B,Frozen Chicken - LOT#FF0925 - 20 Carton
2025-07-02 09:00:00,-17.0,63.6,FZ-03,P5-B,Frozen Chicken - LOT#FF0925 - 20 Carton
2025-07-02 08:00:00,-17.5,64.8,FZ-03,P5-B,Frozen Chicken - LOT#FF0925 - 20 Carton
2025-07-02 07:00:00,-17.7,64.5,FZ-03,P5-B,Frozen Chicken - LOT#FF0925 - 20 Carton
2025-07-02 06:00:00,-19.1,60.3,FZ-03,P5-B,Frozen Chicken - LOT#FF0925 - 20 Carton
2025-07-02 05:00:00,-19.4,59.2,FZ-03,P5-B,Frozen Chicken - LOT#FF0925 - 20 Carton
2025-07-02 04:00:00,-18.5,58.9,FZ-03,P5-B,Frozen Chicken - LOT#FF0925 - 20 Carton
2025-07-02 03:00:00,-18.7,59.5,FZ-03,P5-B,Frozen Chicken - LOT#FF0925 - 20 Carton
2025-07-02 02:00:00,-18.6,57.0,FZ-03,P5-B,Frozen Chicken - LOT#FF0925 - 20 Carton
2025-07-02 01:00:00,-18.7,59.2,FZ-03,P5-B,Frozen Chicken - LOT#FF0925 - 20 Carton
2025-07-02 00:00:00,-17.3,75.9,FZ-03,P5-B,Frozen Chicken - LOT#FF0925 - 20 Carton
2025-07-01 23:00:00,-16.5,74.3,FZ-03,P5-B,Frozen Chicken - LOT#FF0925 - 20 Carton
2025-07-01 22:00:00,-18.1,59.7,FZ-03,P5-B,Frozen Chicken - LOT#FF0925 - 20 Carton
2025-07-01 21:00:00,-18.5,58.3,FZ-03,P5-B,Frozen Chicken - LOT#FF0925 - 20 Carton
2025-07-01 20:00:00,-18.4,58.9,FZ-03,P5-B,Frozen Chicken - LOT#FF0925 - 20 Carton
2025-07-01 19:00:00,-18.5,60.4,FZ-03,P5-B,Frozen Chicken - LOT#FF0925 - 20 Carton
2025-07-01 18:00:00,-17.5,63.9,FZ-03,P5-B,Frozen Chicken - LOT#FF0925 - 20 Carton
2025-07-01 17:00:00,-17.4,65.1,FZ-03,P5-B,Frozen Chicken - LOT#FF0925 - 20 Carton
2025-07-01 16:00:00,-17.4,66.2,FZ-03,P5-B,Frozen Chicken - LOT#FF0925 - 20 Carton
2025-07-01 15:00:00,-17.3,65.9,FZ-03,P5-B,Frozen Chicken - LOT#FF0925 - 20 Carton
2025-07-01 14:00:00,-17.3,65.2,FZ-03,P5-B,Frozen Chicken - LOT#FF0925 - 20 Carton
2025-07-01 13:00:00,-17.2,65.2,FZ-03,P5-B,Frozen Chicken - LOT#FF0925 - 20 Carton
2025-07-01 12:00:00,-17.4,66.1,FZ-03,P5-B,Frozen Chicken - LOT#FF0925 - 20 Carton
2025-07-01 11:00:00,-14.8,89.4,FZ-03,P5-B,Frozen Chicken - LOT#FF0925 - 20 Carton
2025-07-01 10:00:00,-15.9,82.0,FZ-03,P5-B,Frozen Chicken - LOT#FF0925 - 20 Carton
2025-07-01 09:00:00,-17.1,73.3,FZ-03,P5-B,Frozen Chicken - LOT#FF0925 - 20 Carton
2025-07-01 08:00:00,-18.1,65.5,FZ-03,P5-B,Frozen Chicken - LOT#FF0925 - 20 Carton
2025-07-01 07:00:00,-17.7,64.9,FZ-03,P5-B,Frozen Chicken - LOT#FF0925 - 20 Carton
2025-07-01 06:00:00,-19.2,60.0,FZ-03,P5-B,Frozen Chicken - LOT#FF0925 - 20 Carton
2025-07-01 05:00:00,-17.6,72.3,FZ-03,P5-B,Frozen Chicken - LOT#FF0925 - 20 Carton
2025-07-01 04:00:00,-16.0,79.2,FZ-03,P5-B,Frozen Chicken - LOT#FF0925 - 20 Carton
2025-07-01 03:00:00,-16.9,68.5,FZ-03,P5-B,Frozen Chicken - LOT#FF0925 - 20 Carton
2025-07-01 02:00:00,-18.3,57.6,FZ-03,P5-B,Frozen Chicken - LOT#FF0925 - 20 Carton
2025-07-01 01:00:00,-18.5,59.5,FZ-03,P5-B,Frozen Chicken - LOT#FF0925 - 20 Carton
2025-07-01 00:00:00,-19.3,58.8,FZ-03,P5-B,Frozen Chicken - LOT#FF0925 - 20 Carton
2025-06-30 23:00:00,-18.8,58.9,FZ-03,P5-B,Frozen Chicken - LOT#FF0925 - 20 Carton
2025-06-30 22:00:00,-18.1,60.7,FZ-03,P5-B,Frozen Chicken - LOT#FF0925 - 20 Carton
2025-06-30 21:00:00,-19.4,59.4,FZ-03,P5-B,Frozen Chicken - LOT#FF0925 - 20 Carton
2025-06-30 20:00:00,-18.7,59.6,FZ-03,P5-B,Frozen Chicken - LOT#FF0925 - 20 Carton
2025-06-30 19:00:00,-19.2,60.0,FZ-03,P5-B,Frozen Chicken - LOT#FF0925 - 20 Carton
2025-06-30 18:00:00,-17.2,65.0,FZ-03,P5-B,Frozen Chicken - LOT#FF0925 - 20 Carton
2025-06-30 17:00:00,-17.1,65.1,FZ-03,P5-B,Frozen Chicken - LOT#FF0925 - 20 Carton
2025-06-30 16:00:00,-18.0,65.5,FZ-03,P5-B,Frozen Chicken - LOT#FF0925 - 20 Carton
2025-06-30 15:00:00,-17.1,66.8,FZ-03,P5-B,Frozen Chicken - LOT#FF0925 - 20 Carton
2025-06-30 14:00:00,-17.8,64.8,FZ-03,P5-B,Frozen Chicken - LOT#FF0925 - 20 Carton
2025-06-30 13:00:00,-17.1,65.0,FZ-03,P5-B,Frozen Chicken - LOT#FF0925 - 20 Carton
2025-06-30 12:00:00,-18.2,66.2,FZ-03,P5-B,Frozen Chicken - LOT#FF0925 - 20 Carton
2025-06-30 11:00:00,-17.9,65.1,FZ-03,P5-B,Frozen Chicken - LOT#FF0925 - 20 Carton
2025-06-30 10:00:00,-17.0,65.2,FZ-03,P5-B,Frozen Chicken - LOT#FF0925 - 20 Carton
2025-06-30 09:00:00,-17.2,64.9,FZ-03,P5-B,Frozen Chicken - LOT#FF0925 - 20 Carton
2025-06-30 08:00:00,-17.9,65.4,FZ-03,P5-B,Frozen Chicken - LOT#FF0925 - 20 Carton
2025-06-30 07:00:00,-17.9,65.2,FZ-03,P5-B,Frozen Chicken - LOT#FF0925 - 20 Carton
2025-06-30 06:00:00,-18.3,58.8,FZ-03,P5-B,Frozen Chicken - LOT#FF0925 - 20 Carton
2025-06-30 05:00:00,-18.6,60.6,FZ-03,P5-B,Frozen Chicken - LOT#FF0925 - 20 Carton
2025-06-30 04:00:00,-18.3,59.7,FZ-03,P5-B,Frozen Chicken - LOT#FF0925 - 20 Carton
2025-06-30 03:00:00,-19.1,58.9,FZ-03,P5-B,Frozen Chicken - LOT#FF0925 - 20 Carton
2025-06-30 02:00:00,-18.6,58.9,FZ-03,P5-B,Frozen Chicken - LOT#FF0925 - 20 Carton
2025-06-30 01:00:00,-18.5,58.4,FZ-03,P5-B,Frozen Chicken - LOT#FF0925 - 20 Carton
2025-06-30 00:00:00,-18.6,57.5,FZ-03,P5-B,Frozen Chicken - LOT#FF0925 - 20 Carton
2025-06-29 23:00:00,-19.1,59.1,FZ-03,P5-B,Frozen Chicken - LOT#FF0925 - 20 Carton
2025-06-29 22:00:00,-18.8,59.8,FZ-03,P5-B,Frozen Chicken - LOT#FF0925 - 20 Carton
2025-06-29 21:00:00,-19.0,58.8,FZ-03,P5-B,Frozen Chicken - LOT#FF0925 - 20 Carton
2025-06-29 20:00:00,-18.5,58.7,FZ-03,P5-B,Frozen Chicken - LOT#FF0925 - 20 Carton
2025-06-29 19:00:00,-18.4,59.6,FZ-03,P5-B,Frozen Chicken - LOT#FF0925 - 20 Carton
2025-06-29 18:00:00,-17.7,63.9,FZ-03,P5-B,Frozen Chicken - LOT#FF0925 - 20 Carton
2025-06-29 17:00:00,-17.6,66.1,FZ-03,P5-B,Frozen Chicken - LOT#FF0925 - 20 Carton
2025-06-29 16:00:00,-17.4,66.0,FZ-03,P5-B,Frozen Chicken - LOT#FF0925 - 20 Carton
2025-06-29 15:00:00,-17.2,67.7,FZ-03,P5-B,Frozen Chicken - LOT#FF0925 - 20 Carton
2025-06-29 14:00:00,-17.3,65.9,FZ-03,P5-B,Frozen Chicken - LOT#FF0925 - 20 Carton
2025-06-29 13:00:00,-17.1,65.1,FZ-03,P5-B,Frozen Chicken - LOT#FF0925 - 20 Carton
2025-06-29 12:00:00,-17.7,66.2,FZ-03,P5-B,Frozen Chicken - LOT#FF0925 - 20 Carton
2025-06-29 11:00:00,-17.5,64.9,FZ-03,P5-B,Frozen Chicken - LOT#FF0925 - 20 Carton
2025-06-29 10:00:00,-17.1,65.5,FZ-03,P5-B,Frozen Chicken - LOT#FF0925 - 20 Carton
2025-06-29 09:00:00,-17.6,64.4,FZ-03,P5-B,Frozen Chicken - LOT#FF0925 - 20 Carton
2025-06-29 08:00:00,-17.4,65.7,FZ-03,P5-B,Frozen Chicken - LOT#FF0925 - 20 Carton
2025-06-29 07:00:00,-18.1,63.8,FZ-03,P5-B,Frozen Chicken - LOT#FF0925 - 20 Carton
2025-06-29 06:00:00,-18.4,59.4,FZ-03,P5-B,Frozen Chicken - LOT#FF0925 - 20 Carton
2025-06-29 05:00:00,-18.8,60.6,FZ-03,P5-B,Frozen Chicken - LOT#FF0925 - 20 Carton
2025-06-29 04:00:00,-18.3,59.0,FZ-03,P5-B,Frozen Chicken - LOT#FF0925 - 20 Carton
2025-06-29 03:00:00,-18.9,59.9,FZ-03,P5-B,Frozen Chicken - LOT#FF0925 - 20 Carton
2025-06-29 02:00:00,-19.2,58.2,FZ-03,P5-B,Frozen Chicken - LOT#FF0925 - 20 Carton
2025-06-29 01:00:00,-19.0,58.7,FZ-03,P5-B,Frozen Chicken - LOT#FF0925 - 20 Carton
2025-06-29 00:00:00,-19.2,58.8,FZ-03,P5-B,Frozen Chicken - LOT#FF0925 - 20 Carton
2025-06-28 23:00:00,-18.5,60.1,FZ-03,P5-B,Frozen Chicken - LOT#FF0925 - 20 Carton
2025-06-28 22:00:00,-18.3,60.1,FZ-03,P5-B,Frozen Chicken - LOT#FF0925 - 20 Carton
2025-06-28 21:00:00,-18.6,58.3,FZ-03,P5-B,Frozen Chicken - LOT#FF0925 - 20 Carton
2025-06-28 20:00:00,-18.6,58.4,FZ-03,P5-B,Frozen Chicken - LOT#FF0925 - 20 Carton
2025-06-28 19:00:00,-19.0,59.7,FZ-03,P5-B,Frozen Chicken - LOT#FF0925 - 20 Carton
2025-06-28 18:00:00,-17.5,64.0,FZ-03,P5-B,Frozen Chicken - LOT#FF0925 - 20 Carton
2025-06-28 17:00:00,-17.5,65.7,FZ-03,P5-B,Frozen Chicken - LOT#FF0925 - 20 Carton
2025-06-28 16:00:00,-17.9,65.7,FZ-03,P5-B,Frozen Chicken - LOT#FF0925 - 20 Carton
2025-06-28 15:00:00,-16.8,66.9,FZ-03,P5-B,Frozen Chicken - LOT#FF0925 - 20 Carton
2025-06-28 14:00:00,-17.8,65.8,FZ-03,P5-B,Frozen Chicken - LOT#FF0925 - 20 Carton
2025-06-28 13:00:00,-16.9,65.0,FZ-03,P5-B,Frozen Chicken - LOT#FF0925 - 20 Carton
2025-06-28 12:00:00,-17.4,66.4,FZ-03,P5-B,Frozen Chicken - LOT#FF0925 - 20 Carton
2025-06-28 11:00:00,-17.9,64.1,FZ-03,P5-B,Frozen Chicken - LOT#FF0925 - 20 Carton
2025-06-28 10:00:00,-17.5,65.9,FZ-03,P5-B,Frozen Chicken - LOT#FF0925 - 20 Carton
2025-06-28 09:00:00,-17.4,63.2,FZ-03,P5-B,Frozen Chicken - LOT#FF0925 - 20 Carton
2025-06-28 08:00:00,-14.3,89.5,FZ-03,P5-B,Frozen Chicken - LOT#FF0925 - 20 Carton
2025-06-28 07:00:00,-16.5,75.1,FZ-03,P5-B,Frozen Chicken - LOT#FF0925 - 20 Carton
2025-06-28 06:00:00,-18.9,60.3,FZ-03,P5-B,Frozen Chicken - LOT#FF0925 - 20 Carton
2025-06-28 05:00:00,-19.2,60.6,FZ-03,P5-B,Frozen Chicken - LOT#FF0925 - 20 Carton
2025-06-28 04:00:00,-18.2,60.1,FZ-03,P5-B,Frozen Chicken - LOT#FF0925 - 20 Carton
2025-06-28 03:00:00,-18.6,58.3,FZ-03,P5-B,Frozen Chicken - LOT#FF0925 - 20 Carton
2025-06-28 02:00:00,-19.0,58.6,FZ-03,P5-B,Frozen Chicken - LOT#FF0925 - 20 Carton
2025-06-28 01:00:00,-18.2,59.5,FZ-03,P5-B,Frozen Chicken - LOT#FF0925 - 20 Carton
2025-06-28 00:00:00,-19.3,58.1,FZ-03,P5-B,Frozen Chicken - LOT#FF0925 - 20 Carton
2025-06-27 23:00:00,-19.0,59.1,FZ-03,P5-B,Frozen Chicken - LOT#FF0925 - 20 Carton
2025-06-27 22:00:00,-17.7,71.9,FZ-03,P5-B,Frozen Chicken - LOT#FF0925 - 20 Carton
2025-06-27 21:00:00,-16.5,77.2,FZ-03,P5-B,Frozen Chicken - LOT#FF0925 - 20 Carton
2025-06-27 20:00:00,-15.9,82.3,FZ-03,P5-B,Frozen Chicken - LOT#FF0925 - 20 Carton
2025-06-27 19:00:00,-14.5,88.6,FZ-03,P5-B,Frozen Chicken - LOT#FF0925 - 20 Carton
2025-06-27 18:00:00,-15.6,81.6,FZ-03,P5-B,Frozen Chicken - LOT#FF0925 - 20 Carton
2025-06-27 17:00:00,-16.6,73.5,FZ-03,P5-B,Frozen Chicken - LOT#FF0925 - 20 Carton
2025-06-27 16:00:00,-17.6,66.2,FZ-03,P5-B,Frozen Chicken - LOT#FF0925 - 20 Carton
2025-06-27 15:00:00,-16.7,67.3,FZ-03,P5-B,Frozen Chicken - LOT#FF0925 - 20 Carton
2025-06-27 14:00:00,-18.1,65.1,FZ-03,P5-B,Frozen Chicken - LOT#FF0925 - 20 Carton
2025-06-27 13:00:00,-17.0,66.5,FZ-03,P5-B,Frozen Chicken - LOT#FF0925 - 20 Carton
2025-06-27 12:00:00,-18.1,66.1,FZ-03,P5-B,Frozen Chicken - LOT#FF0925 - 20 Carton
2025-06-27 11:00:00,-17.5,63.9,FZ-03,P5-B,Frozen Chicken - LOT#FF0925 - 20 Carton
2025-06-27 10:00:00,-17.3,65.0,FZ-03,P5-B,Frozen Chicken - LOT#FF0925 - 20 Carton
2025-06-27 09:00:00,-17.5,63.2,FZ-03,P5-B,Frozen Chicken - LOT#FF0925 - 20 Carton
2025-06-27 08:00:00,-17.3,65.5,FZ-03,P5-B,Frozen Chicken - LOT#FF0925 - 20 Carton
2025-06-27 07:00:00,-18.1,64.6,FZ-03,P5-B,Frozen Chicken - LOT#FF0925 - 20 Carton
2025-06-27 06:00:00,-18.8,59.5,FZ-03,P5-B,Frozen Chicken - LOT#FF0925 - 20 Carton
2025-06-27 05:00:00,-18.7,59.1,FZ-03,P5-B,Frozen Chicken - LOT#FF0925 - 20 Carton
2025-06-27 04:00:00,-18.4,59.3,FZ-03,P5-B,Frozen Chicken - LOT#FF0925 - 20 Carton
2025-06-27 03:00:00,-18.8,59.8,FZ-03,P5-B,Frozen Chicken - LOT#FF0925 - 20 Carton
2025-06-27 02:00:00,-19.1,57.8,FZ-03,P5-B,Frozen Chicken - LOT#FF0925 - 20 Carton
2025-06-27 01:00:00,-19.1,58.1,FZ-03,P5-B,Frozen Chicken - LOT#FF0925 - 20 Carton
2025-06-27 00:00:00,-19.0,58.6,FZ-03,P5-B,Frozen Chicken - LOT#FF0925 - 20 Carton
2025-06-26 23:00:00,-18.6,59.6,FZ-03,P5-B,Frozen Chicken - LOT#FF0925 - 20 Carton
2025-06-26 22:00:00,-18.6,59.3,FZ-03,P5-B,Frozen Chicken - LOT#FF0925 - 20 Carton
2025-06-26 21:00:00,-18.5,59.6,FZ-03,P5-B,Frozen Chicken - LOT#FF0925 - 20 Carton
2025-06-26 20:00:00,-18.9,58.3,FZ-03,P5-B,Frozen Chicken - LOT#FF0925 - 20 Carton
2025-06-26 19:00:00,-18.6,59.7,FZ-03,P5-B,Frozen Chicken - LOT#FF0925 - 20 Carton
2025-06-26 18:00:00,-17.9,64.2,FZ-03,P5-B,Frozen Chicken - LOT#FF0925 - 20 Carton
2025-06-26 17:00:00,-17.7,66.3,FZ-03,P5-B,Frozen Chicken - LOT#FF0925 - 20 Carton
2025-06-26 16:00:00,-17.8,65.5,FZ-03,P5-B,Frozen Chicken - LOT#FF0925 - 20 Carton
2025-06-26 15:00:00,-17.4,67.2,FZ-03,P5-B,Frozen Chicken - LOT#FF0925 - 20 Carton
2025-06-26 14:00:00,-17.9,65.4,FZ-03,P5-B,Frozen Chicken - LOT#FF0925 - 20 Carton
2025-06-26 13:00:00,-17.5,65.8,FZ-03,P5-B,Frozen Chicken - LOT#FF0925 - 20 Carton
2025-06-26 12:00:00,-18.2,67.8,FZ-03,P5-B,Frozen Chicken - LOT#FF0925 - 20 Carton
2025-06-26 11:00:00,-17.9,64.6,FZ-03,P5-B,Frozen Chicken - LOT#FF0925 - 20 Carton
2025-06-26 10:00:00,-16.9,66.3,FZ-03,P5-B,Frozen Chicken - LOT#FF0925 - 20 Carton
2025-06-26 09:00:00,-17.6,63.6,FZ-03,P5-B,Frozen Chicken - LOT#FF0925 - 20 Carton
2025-06-26 08:00:00,-18.1,64.8,FZ-03,P5-B,Frozen Chicken - LOT#FF0925 - 20 Carton
2025-06-26 07:00:00,-17.7,63.5,FZ-03,P5-B,Frozen Chicken - LOT#FF0925 - 20 Carton
2025-06-26 06:00:00,-19.0,59.7,FZ-03,P5-B,Frozen Chicken - LOT#FF0925 - 20 Carton
2025-06-26 05:00:00,-19.3,60.4,FZ-03,P5-B,Frozen Chicken - LOT#FF0925 - 20 Carton
2025-06-26 04:00:00,-18.1,60.4,FZ-03,P5-B,Frozen Chicken - LOT#FF0925 - 20 Carton
2025-06-26 03:00:00,-18.8,59.2,FZ-03,P5-B,Frozen Chicken - LOT#FF0925 - 20 Carton
2025-06-26 02:00:00,-18.5,57.1,FZ-03,P5-B,Frozen Chicken - LOT#FF0925 - 20 Carton
2025-06-26 01:00:00,-19.1,59.5,FZ-03,P5-B,Frozen Chicken - LOT#FF0925 - 20 Carton
2025-06-26 00:00:00,-19.1,58.7,FZ-03,P5-B,Frozen Chicken - LOT#FF0925 - 20 Carton
2025-06-25 23:00:00,-18.7,59.1,FZ-03,P5-B,Frozen Chicken - LOT#FF0925 - 20 Carton
2025-06-25 22:00:00,-18.7,60.4,FZ-03,P5-B,Frozen Chicken - LOT#FF0925 - 20 Carton
2025-06-25 21:00:00,-19.1,58.9,FZ-03,P5-B,Frozen Chicken - LOT#FF0925 - 20 Carton
2025-06-25 20:00:00,-18.6,58.4,FZ-03,P5-B,Frozen Chicken - LOT#FF0925 - 20 Carton
2025-06-25 19:00:00,-19.3,58.6,FZ-03,P5-B,Frozen Chicken - LOT#FF0925 - 20 Carton
2025-06-25 18:00:00,-17.3,63.8,FZ-03,P5-B,Frozen Chicken - LOT#FF0925 - 20 Carton
2025-06-25 17:00:00,-17.3,65.5,FZ-03,P5-B,Frozen Chicken - LOT#FF0925 - 20 Carton
2025-06-25 16:00:00,-17.8,64.9,FZ-03,P5-B,Frozen Chicken - LOT#FF0925 - 20 Carton
2025-06-25 15:00:00,-15.0,88.4,FZ-03,P5-B,Frozen Chicken - LOT#FF0925 - 20 Carton
2025-06-25 14:00:00,-15.6,83.0,FZ-03,P5-B,Frozen Chicken - LOT#FF0925 - 20 Carton
2025-06-25 13:00:00,-16.5,76.9,FZ-03,P5-B,Frozen Chicken - LOT#FF0925 - 20 Carton
2025-06-25 12:00:00,-17.2,70.5,FZ-03,P5-B,Frozen Chicken - LOT#FF0925 - 20 Carton
2025-06-25 11:00:00,-17.9,64.3,FZ-03,P5-B,Frozen Chicken - LOT#FF0925 - 20 Carton
2025-06-25 10:00:00,-16.9,65.2,FZ-03,P5-B,Frozen Chicken - LOT#FF0925 - 20 Carton
2025-06-25 09:00:00,-17.6,64.2,FZ-03,P5-B,Frozen Chicken - LOT#FF0925 - 20 Carton
2025-06-25 08:00:00,-17.5,64.3,FZ-03,P5-B,Frozen Chicken - LOT#FF0925 - 20 Carton
2025-06-25 07:00:00,-17.5,63.8,FZ-03,P5-B,Frozen Chicken - LOT#FF0925 - 20 Carton
2025-06-25 06:00:00,-18.5,59.5,FZ-03,P5-B,Frozen Chicken - LOT#FF0925 - 20 Carton
2025-06-25 05:00:00,-18.5,59.9,FZ-03,P5-B,Frozen Chicken - LOT#FF0925 - 20 Carton
2025-06-25 04:00:00,-18.1,58.9,FZ-03,P5-B,Frozen Chicken - LOT#FF0925 - 20 Carton
2025-06-25 03:00:00,-18.6,59.5,FZ-03,P5-B,Frozen Chicken - LOT#FF0925 - 20 Carton
2025-06-25 02:00:00,-19.2,58.0,FZ-03,P5-B,Frozen Chicken - LOT#FF0925 - 20 Carton
2025-06-25 01:00:00,-18.4,57.9,FZ-03,P5-B,Frozen Chicken - LOT#FF0925 - 20 Carton
2025-06-25 00:00:00,-18.8,58.4,FZ-03,P5-B,Frozen Chicken - LOT#FF0925 - 20 Carton
2025-06-24 23:00:00,-19.0,65.6,FZ-03,P5-B,Frozen Chicken - LOT#FF0925 - 20 Carton
2025-06-24 22:00:00,-14.9,88.1,FZ-03,P5-B,Frozen Chicken - LOT#FF0925 - 20 Carton
2025-06-24 21:00:00,-15.7,81.2,FZ-03,P5-B,Frozen Chicken - LOT#FF0925 - 20 Carton
2025-06-24 20:00:00,-16.6,75.7,FZ-03,P5-B,Frozen Chicken - LOT#FF0925 - 20 Carton
2025-06-24 19:00:00,-17.2,69.0,FZ-03,P5-B,Frozen Chicken - LOT#FF0925 - 20 Carton
2025-06-24 18:00:00,-18.2,63.8,FZ-03,P5-B,Frozen Chicken - LOT#FF0925 - 20 Carton
2025-06-24 17:00:00,-17.6,65.2,FZ-03,P5-B,Frozen Chicken - LOT#FF0925 - 20 Carton
2025-06-24 16:00:00,-17.6,66.1,FZ-03,P5-B,Frozen Chicken - LOT#FF0925 - 20 Carton
2025-06-24 15:00:00,-16.8,67.0,FZ-03,P5-B,Frozen Chicken - LOT#FF0925 - 20 Carton
2025-06-24 14:00:00,-17.7,65.1,FZ-03,P5-B,Frozen Chicken - LOT#FF0925 - 20 Carton
2025-06-24 13:00:00,-17.4,64.8,FZ-03,P5-B,Frozen Chicken - LOT#FF0925 - 20 Carton
2025-06-24 12:00:00,-17.9,66.7,FZ-03,P5-B,Frozen Chicken - LOT#FF0925 - 20 Carton
2025-06-24 11:00:00,-17.3,63.3,FZ-03,P5-B,Frozen Chicken - LOT#FF0925 - 20 Carton
2025-06-24 10:00:00,-17.1,66.6,FZ-03,P5-B,Frozen Chicken - LOT#FF0925 - 20 Carton
2025-06-24 09:00:00,-17.6,63.3,FZ-03,P5-B,Frozen Chicken - LOT#FF0925 - 20 Carton
2025-06-24 08:00:00,-17.6,66.0,FZ-03,P5-B,Frozen Chicken - LOT#FF0925 - 20 Carton
2025-06-24 07:00:00,-18.0,65.2,FZ-03,P5-B,Frozen Chicken - LOT#FF0925 - 20 Carton
2025-06-24 06:00:00,-18.6,59.2,FZ-03,P5-B,Frozen Chicken - LOT#FF0925 - 20 Carton
2025-06-24 05:00:00,-19.0,58.9,FZ-03,P5-B,Frozen Chicken - LOT#FF0925 - 20 Carton
2025-06-24 04:00:00,-18.6,59.1,FZ-03,P5-B,Frozen Chicken - LOT#FF0925 - 20 Carton
2025-06-24 03:00:00,-18.6,58.3,FZ-03,P5-B,Frozen Chicken - LOT#FF0925 - 20 Carton
2025-06-24 02:00:00,-18.3,57.2,FZ-03,P5-B,Frozen Chicken - LOT#FF0925 - 20 Carton
2025-06-24 01:00:00,-18.3,58.7,FZ-03,P5-B,Frozen Chicken - LOT#FF0925 - 20 Carton
2025-06-24 00:00:00,-19.2,59.4,FZ-03,P5-B,Frozen Chicken - LOT#FF0925 - 20 Carton
2025-06-23 23:00:00,-19.3,59.7,FZ-03,P5-B,Frozen Chicken - LOT#FF0925 - 20 Carton
2025-06-23 22:00:00,-18.0,60.4,FZ-03,P5-B,Frozen Chicken - LOT#FF0925 - 20 Carton
2025-06-23 21:00:00,-19.3,58.7,FZ-03,P5-B,Frozen Chicken - LOT#FF0925 - 20 Carton
2025-06-23 20:00:00,-18.7,59.0,FZ-03,P5-B,Frozen Chicken - LOT#FF0925 - 20 Carton
2025-06-23 19:00:00,-18.7,59.4,FZ-03,P5-B,Frozen Chicken - LOT#FF0925 - 20 Carton
2025-06-23 18:00:00,-17.3,65.0,FZ-03,P5-B,Frozen Chicken - LOT#FF0925 - 20 Carton
2025-06-23 17:00:00,-17.8,65.8,FZ-03,P5-B,Frozen Chicken - LOT#FF0925 - 20 Carton
2025-06-23 16:00:00,-18.1,64.9,FZ-03,P5-B,Frozen Chicken - LOT#FF0925 - 20 Carton
2025-06-23 15:00:00,-17.6,65.9,FZ-03,P5-B,Frozen Chicken - LOT#FF0925 - 20 Carton
2025-06-23 14:00:00,-17.5,65.2,FZ-03,P5-B,Frozen Chicken - LOT#FF0925 - 20 Carton
2025-06-23 13:00:00,-17.0,64.8,FZ-03,P5-B,Frozen Chicken - LOT#FF0925 - 20 Carton
2025-06-23 12:00:00,-18.3,66.2,FZ-03,P5-B,Frozen Chicken - LOT#FF0925 - 20 Carton
2025-06-23 11:00:00,-17.4,63.2,FZ-03,P5-B,Frozen Chicken - LOT#FF0925 - 20 Carton
2025-06-23 10:00:00,-17.0,66.4,FZ-03,P5-B,Frozen Chicken - LOT#FF0925 - 20 Carton
2025-06-23 09:00:00,-17.5,64.8,FZ-03,P5-B,Frozen Chicken - LOT#FF0925 - 20 Carton
2025-06-23 08:00:00,-18.1,65.6,FZ-03,P5-B,Frozen Chicken - LOT#FF0925 - 20 Carton
2025-06-23 07:00:00,-18.0,63.6,FZ-03,P5-B,Frozen Chicken - LOT#FF0925 - 20 Carton
2025-06-23 06:00:00,-18.8,59.4,FZ-03,P5-B,Frozen Chicken - LOT#FF0925 - 20 Carton
2025-06-23 05:00:00,-19.2,60.0,FZ-03,P5-B,Frozen Chicken - LOT#FF0925 - 20 Carton
2025-06-23 04:00:00,-18.6,60.1,FZ-03,P5-B,Frozen Chicken - LOT#FF0925 - 20 Carton
2025-06-23 03:00:00,-18.6,58.6,FZ-03,P5-B,Frozen Chicken - LOT#FF0925 - 20 Carton
2025-06-23 02:00:00,-18.5,57.8,FZ-03,P5-B,Frozen Chicken - LOT#FF0925 - 20 Carton
2025-06-23 01:00:00,-18.4,57.9,FZ-03,P5-B,Frozen Chicken - LOT#FF0925 - 20 Carton
2025-06-23 00:00:00,-19.2,57.8,FZ-03,P5-B,Frozen Chicken - LOT#FF0925 - 20 Carton
2025-06-22 23:00:00,-18.5,60.3,FZ-03,P5-B,Frozen Chicken - LOT#FF0925 - 20 Carton
2025-06-22 22:00:00,-18.8,60.4,FZ-03,P5-B,Frozen Chicken - LOT#FF0925 - 20 Carton
2025-06-22 21:00:00,-19.3,59.2,FZ-03,P5-B,Frozen Chicken - LOT#FF0925 - 20 Carton
2025-06-22 20:00:00,-18.7,60.0,FZ-03,P5-B,Frozen Chicken - LOT#FF0925 - 20 Carton
2025-06-22 19:00:00,-18.7,58.7,FZ-03,P5-B,Frozen Chicken - LOT#FF0925 - 20 Carton
2025-06-22 18:00:00,-18.0,64.7,FZ-03,P5-B,Frozen Chicken - LOT#FF0925 - 20 Carton
2025-06-22 17:00:00,-17.9,66.7,FZ-03,P5-B,Frozen Chicken - LOT#FF0925 - 20 Carton
2025-06-22 16:00:00,-17.1,66.5,FZ-03,P5-B,Frozen Chicken - LOT#FF0925 - 20 Carton
2025-06-22 15:00:00,-17.0,66.4,FZ-03,P5-B,Frozen Chicken - LOT#FF0925 - 20 Carton
2025-06-22 14:00:00,-17.2,66.3,FZ-03,P5-B,Frozen Chicken - LOT#FF0925 - 20 Carton
2025-06-22 13:00:00,-17.0,65.2,FZ-03,P5-B,Frozen Chicken - LOT#FF0925 - 20 Carton
2025-06-22 12:00:00,-17.4,67.2,FZ-03,P5-B,Frozen Chicken - LOT#FF0925 - 20 Carton
2025-06-22 11:00:00,-17.2,64.5,FZ-03,P5-B,Frozen Chicken - LOT#FF0925 - 20 Carton
2025-06-22 10:00:00,-17.7,66.4,FZ-03,P5-B,Frozen Chicken - LOT#FF0925 - 20 Carton
2025-06-22 09:00:00,-17.1,64.5,FZ-03,P5-B,Frozen Chicken - LOT#FF0925 - 20 Carton
2025-06-22 08:00:00,-17.3,65.7,FZ-03,P5-B,Frozen Chicken - LOT#FF0925 - 20 Carton
2025-06-22 07:00:00,-17.9,64.3,FZ-03,P5-B,Frozen Chicken - LOT#FF0925 - 20 Carton
2025-06-22 06:00:00,-19.3,60.0,FZ-03,P5-B,Frozen Chicken - LOT#FF0925 - 20 Carton
2025-06-22 05:00:00,-19.2,60.2,FZ-03,P5-B,Frozen Chicken - LOT#FF0925 - 20 Carton
2025-06-22 04:00:00,-18.1,59.7,FZ-03,P5-B,Frozen Chicken - LOT#FF0925 - 20 Carton
2025-06-22 03:00:00,-18.8,59.9,FZ-03,P5-B,Frozen Chicken - LOT#FF0925 - 20 Carton
2025-06-22 02:00:00,-19.0,57.8,FZ-03,P5-B,Frozen Chicken - LOT#FF0925 - 20 Carton
2025-06-22 01:00:00,-19.1,58.4,FZ-03,P5-B,Frozen Chicken - LOT#FF0925 - 20 Carton
2025-06-22 00:00:00,-19.4,58.6,FZ-03,P5-B,Frozen Chicken - LOT#FF0925 - 20 Carton
2025-06-21 23:00:00,-18.5,59.0,FZ-03,P5-B,Frozen Chicken - LOT#FF0925 - 20 Carton
2025-06-21 22:00:00,-18.8,59.9,FZ-03,P5-B,Frozen Chicken - LOT#FF0925 - 20 Carton
2025-06-21 21:00:00,-18.8,58.7,FZ-03,P5-B,Frozen Chicken - LOT#FF0925 - 20 Carton
2025-06-21 20:00:00,-18.3,60.2,FZ-03,P5-B,Frozen Chicken - LOT#FF0925 - 20 Carton
2025-06-21 19:00:00,-19.0,59.8,FZ-03,P5-B,Frozen Chicken - LOT#FF0925 - 20 Carton
2025-06-21 18:00:00,-17.7,64.9,FZ-03,P5-B,Frozen Chicken - LOT#FF0925 - 20 Carton
2025-06-21 17:00:00,-17.4,65.1,FZ-03,P5-B,Frozen Chicken - LOT#FF0925 - 20 Carton
2025-06-21 16:00:00,-17.1,66.5,FZ-03,P5-B,Frozen Chicken - LOT#FF0925 - 20 Carton
2025-06-21 15:00:00,-17.5,66.5,FZ-03,P5-B,Frozen Chicken - LOT#FF0925 - 20 Carton
2025-06-21 14:00:00,-17.6,65.2,FZ-03,P5-B,Frozen Chicken - LOT#FF0925 - 20 Carton
2025-06-21 13:00:00,-17.0,65.5,FZ-03,P5-B,Frozen Chicken - LOT#FF0925 - 20 Carton
2025-06-21 12:00:00,-18.1,66.5,FZ-03,P5-B,Frozen Chicken - LOT#FF0925 - 20 Carton
2025-06-21 11:00:00,-17.5,64.6,FZ-03,P5-B,Frozen Chicken - LOT#FF0925 - 20 Carton
2025-06-21 10:00:00,-17.4,66.3,FZ-03,P5-B,Frozen Chicken - LOT#FF0925 - 20 Carton
2025-06-21 09:00:00,-17.1,64.7,FZ-03,P5-B,Frozen Chicken - LOT#FF0925 - 20 Carton
2025-06-21 08:00:00,-17.4,64.9,FZ-03,P5-B,Frozen Chicken - LOT#FF0925 - 20 Carton
2025-06-21 07:00:00,-17.8,65.3,FZ-03,P5-B,Frozen Chicken - LOT#FF0925 - 20 Carton
2025-06-21 06:00:00,-18.7,59.4,FZ-03,P5-B,Frozen Chicken - LOT#FF0925 - 20 Carton
2025-06-21 05:00:00,-19.1,60.0,FZ-03,P5-B,Frozen Chicken - LOT#FF0925 - 20 Carton
2025-06-21 04:00:00,-18.0,60.5,FZ-03,P5-B,Frozen Chicken - LOT#FF0925 - 20 Carton
2025-06-21 03:00:00,-18.4,59.6,FZ-03,P5-B,Frozen Chicken - LOT#FF0925 - 20 Carton
2025-06-21 02:00:00,-19.2,57.0,FZ-03,P5-B,Frozen Chicken - LOT#FF0925 - 20 Carton
2025-06-21 01:00:00,-18.4,59.6,FZ-03,P5-B,Frozen Chicken - LOT#FF0925 - 20 Carton
2025-06-21 00:00:00,-19.2,57.9,FZ-03,P5-B,Frozen Chicken - LOT#FF0925 - 20 Carton
2025-06-20 23:00:00,-18.8,59.4,FZ-03,P5-B,Frozen Chicken - LOT#FF0925 - 20 Carton
2025-06-20 22:00:00,-18.1,60.4,FZ-03,P5-B,Frozen Chicken - LOT#FF0925 - 20 Carton
2025-06-20 21:00:00,-19.3,58.2,FZ-03,P5-B,Frozen Chicken - LOT#FF0925 - 20 Carton
2025-06-20 20:00:00,-18.7,58.9,FZ-03,P5-B,Frozen Chicken - LOT#FF0925 - 20 Carton
2025-06-20 19:00:00,-19.2,60.5,FZ-03,P5-B,Frozen Chicken - LOT#FF0925 - 20 Carton
2025-06-20 18:00:00,-17.3,64.2,FZ-03,P5-B,Frozen Chicken - LOT#FF0925 - 20 Carton
2025-06-20 17:00:00,-17.9,65.1,FZ-03,P5-B,Frozen Chicken - LOT#FF0925 - 20 Carton
2025-06-20 16:00:00,-18.0,64.8,FZ-03,P5-B,Frozen Chicken - LOT#FF0925 - 20 Carton
2025-06-20 15:00:00,-17.2,66.4,FZ-03,P5-B,Frozen Chicken - LOT#FF0925 - 20 Carton
2025-06-20 14:00:00,-17.4,64.8,FZ-03,P5-B,Frozen Chicken - LOT#FF0925 - 20 Carton
2025-06-20 13:00:00,-16.8,66.5,FZ-03,P5-B,Frozen Chicken - LOT#FF0925 - 20 Carton
2025-06-20 12:00:00,-17.7,67.1,FZ-03,P5-B,Frozen Chicken - LOT#FF0925 - 20 Carton
2025-06-20 11:00:00,-17.7,64.0,FZ-03,P5-B,Frozen Chicken - LOT#FF0925 - 20 Carton
2025-06-20 10:00:00,-17.4,66.2,FZ-03,P5-B,Frozen Chicken - LOT#FF0925 - 20 Carton
2025-06-20 09:00:00,-17.8,63.6,FZ-03,P5-B,Frozen Chicken - LOT#FF0925 - 20 Carton
2025-06-20 08:00:00,-17.9,64.6,FZ-03,P5-B,Frozen Chicken - LOT#FF0925 - 20 Carton
2025-06-20 07:00:00,-18.1,63.9,FZ-03,P5-B,Frozen Chicken - LOT#FF0925 - 20 Carton
2025-06-20 06:00:00,-18.6,59.4,FZ-03,P5-B,Frozen Chicken - LOT#FF0925 - 20 Carton
2025-06-20 05:00:00,-18.7,59.3,FZ-03,P5-B,Frozen Chicken - LOT#FF0925 - 20 Carton
2025-06-20 04:00:00,-18.6,60.1,FZ-03,P5-B,Frozen Chicken - LOT#FF0925 - 20 Carton
2025-06-20 03:00:00,-14.0,88.0,FZ-03,P5-B,Frozen Chicken - LOT#FF0925 - 20 Carton
2025-06-20 02:00:00,-16.3,70.0,FZ-03,P5-B,Frozen Chicken - LOT#FF0925 - 20 Carton
2025-06-20 01:00:00,-18.4,59.3,FZ-03,P5-B,Frozen Chicken - LOT#FF0925 - 20 Carton
2025-06-20 00:00:00,-19.0,58.6,FZ-03,P5-B,Frozen Chicken - LOT#FF0925 - 20 Carton
2025-06-19 23:00:00,-18.7,59.8,FZ-03,P5-B,Frozen Chicken - LOT#FF0925 - 20 Carton
2025-06-19 22:00:00,-18.2,60.0,FZ-03,P5-B,Frozen Chicken - LOT#FF0925 - 20 Carton
2025-06-19 21:00:00,-19.4,57.9,FZ-03,P5-B,Frozen Chicken - LOT#FF0925 - 20 Carton
2025-06-19 20:00:00,-18.9,58.5,FZ-03,P5-B,Frozen Chicken - LOT#FF0925 - 20 Carton
2025-06-19 19:00:00,-18.5,59.1,FZ-03,P5-B,Frozen Chicken - LOT#FF0925 - 20 Carton
2025-06-19 18:00:00,-18.1,63.9,FZ-03,P5-B,Frozen Chicken - LOT#FF0925 - 20 Carton
2025-06-19 17:00:00,-17.2,65.4,FZ-03,P5-B,Frozen Chicken - LOT#FF0925 - 20 Carton
2025-06-19 16:00:00,-18.0,66.4,FZ-03,P5-B,Frozen Chicken - LOT#FF0925 - 20 Carton
2025-06-19 15:00:00,-17.3,66.1,FZ-03,P5-B,Frozen Chicken - LOT#FF0925 - 20 Carton
2025-06-19 14:00:00,-17.3,64.6,FZ-03,P5-B,Frozen Chicken - LOT#FF0925 - 20 Carton
2025-06-19 13:00:00,-17.4,65.4,FZ-03,P5-B,Frozen Chicken - LOT#FF0925 - 20 Carton
2025-06-19 12:00:00,-17.5,67.1,FZ-03,P5-B,Frozen Chicken - LOT#FF0925 - 20 Carton
2025-06-19 11:00:00,-17.2,64.4,FZ-03,P5-B,Frozen Chicken - LOT#FF0925 - 20 Carton
2025-06-19 10:00:00,-17.2,65.8,FZ-03,P5-B,Frozen Chicken - LOT#FF0925 - 20 Carton
2025-06-19 09:00:00,-17.9,63.8,FZ-03,P5-B,Frozen Chicken - LOT#FF0925 - 20 Carton
2025-06-19 08:00:00,-17.1,66.1,FZ-03,P5-B,Frozen Chicken - LOT#FF0925 - 20 Carton
2025-06-19 07:00:00,-17.5,63.6,FZ-03,P5-B,Frozen Chicken - LOT#FF0925 - 20 Carton
2025-06-19 06:00:00,-18.8,59.2,FZ-03,P5-B,Frozen Chicken - LOT#FF0925 - 20 Carton
2025-06-19 05:00:00,-18.9,59.4,FZ-03,P5-B,Frozen Chicken - LOT#FF0925 - 20 Carton
2025-06-19 04:00:00,-18.8,60.1,FZ-03,P5-B,Frozen Chicken - LOT#FF0925 - 20 Carton
2025-06-19 03:00:00,-19.2,59.4,FZ-03,P5-B,Frozen Chicken - LOT#FF0925 - 20 Carton
2025-06-19 02:00:00,-18.9,57.8,FZ-03,P5-B,Frozen Chicken - LOT#FF0925 - 20 Carton
2025-06-19 01:00:00,-18.8,59.7,FZ-03,P5-B,Frozen Chicken - LOT#FF0925 - 20 Carton
2025-06-19 00:00:00,-19.3,58.8,FZ-03,P5-B,Frozen Chicken - LOT#FF0925 - 20 Carton
2025-06-18 23:00:00,-18.8,60.3,FZ-03,P5-B,Frozen Chicken - LOT#FF0925 - 20 Carton
2025-06-18 22:00:00,-18.7,58.8,FZ-03,P5-B,Frozen Chicken - LOT#FF0925 - 20 Carton
2025-06-18 21:00:00,-19.2,59.4,FZ-03,P5-B,Frozen Chicken - LOT#FF0925 - 20 Carton
2025-06-18 20:00:00,-18.9,59.1,FZ-03,P5-B,Frozen Chicken - LOT#FF0925 - 20 Carton
2025-06-18 19:00:00,-19.2,59.2,FZ-03,P5-B,Frozen Chicken - LOT#FF0925 - 20 Carton
2025-06-18 18:00:00,-18.2,64.5,FZ-03,P5-B,Frozen Chicken - LOT#FF0925 - 20 Carton
2025-06-18 17:00:00,-17.6,65.6,FZ-03,P5-B,Frozen Chicken - LOT#FF0925 - 20 Carton
2025-06-18 16:00:00,-17.1,65.9,FZ-03,P5-B,Frozen Chicken - LOT#FF0925 - 20 Carton
2025-06-18 15:00:00,-17.0,66.8,FZ-03,P5-B,Frozen Chicken - LOT#FF0925 - 20 Carton
2025-06-18 14:00:00,-17.5,64.8,FZ-03,P5-B,Frozen Chicken - LOT#FF0925 - 20 Carton
2025-06-18 13:00:00,-16.8,65.8,FZ-03,P5-B,Frozen Chicken - LOT#FF0925 - 20 Carton
2025-06-18 12:00:00,-18.1,66.8,FZ-03,P5-B,Frozen Chicken - LOT#FF0925 - 20 Carton
2025-06-18 11:00:00,-18.0,64.0,FZ-03,P5-B,Frozen Chicken - LOT#FF0925 - 20 Carton
2025-06-18 10:00:00,-17.1,66.5,FZ-03,P5-B,Frozen Chicken - LOT#FF0925 - 20 Carton
2025-06-18 09:00:00,-17.3,65.1,FZ-03,P5-B,Frozen Chicken - LOT#FF0925 - 20 Carton
2025-06-18 08:00:00,-17.4,65.2,FZ-03,P5-B,Frozen Chicken - LOT#FF0925 - 20 Carton
2025-06-18 07:00:00,-17.3,63.9,FZ-03,P5-B,Frozen Chicken - LOT#FF0925 - 20 Carton
2025-06-18 06:00:00,-19.3,58.9,FZ-03,P5-B,Frozen Chicken - LOT#FF0925 - 20 Carton
2025-06-18 05:00:00,-18.6,60.5,FZ-03,P5-B,Frozen Chicken - LOT#FF0925 - 20 Carton
2025-06-18 04:00:00,-18.3,59.7,FZ-03,P5-B,Frozen Chicken - LOT#FF0925 - 20 Carton
2025-06-18 03:00:00,-18.3,59.6,FZ-03,P5-B,Frozen Chicken - LOT#FF0925 - 20 Carton
2025-06-18 02:00:00,-18.9,58.9,FZ-03,P5-B,Frozen Chicken - LOT#FF0925 - 20 Carton
2025-06-18 01:00:00,-18.9,58.8,FZ-03,P5-B,Frozen Chicken - LOT#FF0925 - 20 Carton
2025-06-18 00:00:00,-18.9,58.7,FZ-03,P5-B,Frozen Chicken - LOT#FF0925 - 20 Carton
2025-06-17 23:00:00,-18.7,59.9,FZ-03,P5-B,Frozen Chicken - LOT#FF0925 - 20 Carton
2025-06-17 22:00:00,-18.3,58.8,FZ-03,P5-B,Frozen Chicken - LOT#FF0925 - 20 Carton
2025-06-17 21:00:00,-18.7,58.9,FZ-03,P5-B,Frozen Chicken - LOT#FF0925 - 20 Carton
2025-06-17 20:00:00,-18.7,59.8,FZ-03,P5-B,Frozen Chicken - LOT#FF0925 - 20 Carton
2025-06-17 19:00:00,-18.8,58.6,FZ-03,P5-B,Frozen Chicken - LOT#FF0925 - 20 Carton
2025-06-17 18:00:00,-17.3,63.9,FZ-03,P5-B,Frozen Chicken - LOT#FF0925 - 20 Carton
2025-06-17 17:00:00,-17.4,66.4,FZ-03,P5-B,Frozen Chicken - LOT#FF0925 - 20 Carton
2025-06-17 16:00:00,-17.1,65.1,FZ-03,P5-B,Frozen Chicken - LOT#FF0925 - 20 Carton
2025-06-17 15:00:00,-17.1,67.3,FZ-03,P5-B,Frozen Chicken - LOT#FF0925 - 20 Carton
2025-06-17 14:00:00,-17.9,65.7,FZ-03,P5-B,Frozen Chicken - LOT#FF0925 - 20 Carton
2025-06-17 13:00:00,-17.3,66.2,FZ-03,P5-B,Frozen Chicken - LOT#FF0925 - 20 Carton
2025-06-17 12:00:00,-18.3,67.2,FZ-03,P5-B,Frozen Chicken - LOT#FF0925 - 20 Carton
2025-06-17 11:00:00,-18.0,63.3,FZ-03,P5-B,Frozen Chicken - LOT#FF0925 - 20 Carton
2025-06-17 10:00:00,-16.9,65.1,FZ-03,P5-B,Frozen Chicken - LOT#FF0925 - 20 Carton
2025-06-17 09:00:00,-17.2,63.7,FZ-03,P5-B,Frozen Chicken - LOT#FF0925 - 20 Carton
2025-06-17 08:00:00,-17.3,64.4,FZ-03,P5-B,Frozen Chicken - LOT#FF0925 - 20 Carton
2025-06-17 07:00:00,-17.9,64.6,FZ-03,P5-B,Frozen Chicken - LOT#FF0925 - 20 Carton
2025-06-17 06:00:00,-18.5,60.4,FZ-03,P5-B,Frozen Chicken - LOT#FF0925 - 20 Carton
2025-06-17 05:00:00,-18.9,59.5,FZ-03,P5-B,Frozen Chicken - LOT#FF0925 - 20 Carton
2025-06-17 04:00:00,-18.6,59.9,FZ-03,P5-B,Frozen Chicken - LOT#FF0925 - 20 Carton
2025-06-17 03:00:00,-19.1,58.3,FZ-03,P5-B,Frozen Chicken - LOT#FF0925 - 20 Carton
2025-06-17 02:00:00,-18.7,57.4,FZ-03,P5-B,Frozen Chicken - LOT#FF0925 - 20 Carton
2025-06-17 01:00:00,-14.9,88.8,FZ-03,P5-B,Frozen Chicken - LOT#FF0925 - 20 Carton
2025-06-17 00:00:00,-17.0,74.2,FZ-03,P5-B,Frozen Chicken - LOT#FF0925 - 20 Carton
2025-06-16 23:00:00,-19.2,59.8,FZ-03,P5-B,Frozen Chicken - LOT#FF0925 - 20 Carton
2025-06-16 22:00:00,-18.3,59.2,FZ-03,P5-B,Frozen Chicken - LOT#FF0925 - 20 Carton
2025-06-16 21:00:00,-19.3,59.6,FZ-03,P5-B,Frozen Chicken - LOT#FF0925 - 20 Carton
2025-06-16 20:00:00,-18.5,60.2,FZ-03,P5-B,Frozen Chicken - LOT#FF0925 - 20 Carton
2025-06-16 19:00:00,-18.4,59.2,FZ-03,P5-B,Frozen Chicken - LOT#FF0925 - 20 Carton
2025-06-16 18:00:00,-18.1,65.2,FZ-03,P5-B,Frozen Chicken - LOT#FF0925 - 20 Carton
2025-06-16 17:00:00,-17.5,66.7,FZ-03,P5-B,Frozen Chicken - LOT#FF0925 - 20 Carton
2025-06-16 16:00:00,-17.9,66.1,FZ-03,P5-B,Frozen Chicken - LOT#FF0925 - 20 Carton
2025-06-16 15:00:00,-17.7,66.4,FZ-03,P5-B,Frozen Chicken - LOT#FF0925 - 20 Carton
2025-06-16 14:00:00,-14.3,88.5,FZ-03,P5-B,Frozen Chicken - LOT#FF0925 - 20 Carton
2025-06-16 13:00:00,-15.3,81.3,FZ-03,P5-B,Frozen Chicken - LOT#FF0925 - 20 Carton
2025-06-16 12:00:00,-16.1,72.7,FZ-03,P5-B,Frozen Chicken - LOT#FF0925 - 20 Carton
2025-06-16 11:00:00,-17.2,65.1,FZ-03,P5-B,Frozen Chicken - LOT#FF0925 - 20 Carton
2025-06-16 10:00:00,-17.1,66.1,FZ-03,P5-B,Frozen Chicken - LOT#FF0925 - 20 Carton
2025-06-16 09:00:00,-17.2,64.9,FZ-03,P5-B,Frozen Chicken - LOT#FF0925 - 20 Carton
2025-06-16 08:00:00,-17.2,65.7,FZ-03,P5-B,Frozen Chicken - LOT#FF0925 - 20 Carton
2025-06-16 07:00:00,-17.4,63.8,FZ-03,P5-B,Frozen Chicken - LOT#FF0925 - 20 Carton
2025-06-16 06:00:00,-19.1,59.5,FZ-03,P5-B,Frozen Chicken - LOT#FF0925 - 20 Carton
2025-06-16 05:00:00,-18.6,60.8,FZ-03,P5-B,Frozen Chicken - LOT#FF0925 - 20 Carton
2025-06-16 04:00:00,-18.8,59.7,FZ-03,P5-B,Frozen Chicken - LOT#FF0925 - 20 Carton
2025-06-16 03:00:00,-18.4,58.8,FZ-03,P5-B,Frozen Chicken - LOT#FF0925 - 20 Carton
2025-06-16 02:00:00,-19.1,58.7,FZ-03,P5-B,Frozen Chicken - LOT#FF0925 - 20 Carton
2025-06-16 01:00:00,-18.5,58.1,FZ-03,P5-B,Frozen Chicken - LOT#FF0925 - 20 Carton
2025-06-16 00:00:00,-18.6,58.0,FZ-03,P5-B,Frozen Chicken - LOT#FF0925 - 20 Carton
2025-06-15 23:00:00,-19.0,60.3,FZ-03,P5-B,Frozen Chicken - LOT#FF0925 - 20 Carton
2025-06-15 22:00:00,-19.0,59.6,FZ-03,P5-B,Frozen Chicken - LOT#FF0925 - 20 Carton
2025-06-15 21:00:00,-19.2,59.4,FZ-03,P5-B,Frozen Chicken - LOT#FF0925 - 20 Carton
2025-06-15 20:00:00,-18.8,59.0,FZ-03,P5-B,Frozen Chicken - LOT#FF0925 - 20 Carton
2025-06-15 19:00:00,-19.2,59.8,FZ-03,P5-B,Frozen Chicken - LOT#FF0925 - 20 Carton
2025-06-15 18:00:00,-17.7,65.0,FZ-03,P5-B,Frozen Chicken - LOT#FF0925 - 20 Carton
2025-06-15 17:00:00,-17.9,66.1,FZ-03,P5-B,Frozen Chicken - LOT#FF0925 - 20 Carton
2025-06-15 16:00:00,-18.0,65.7,FZ-03,P5-B,Frozen Chicken - LOT#FF0925 - 20 Carton
2025-06-15 15:00:00,-17.1,66.3,FZ-03,P5-B,Frozen Chicken - LOT#FF0925 - 20 Carton
2025-06-15 14:00:00,-17.3,66.0,FZ-03,P5-B,Frozen Chicken - LOT#FF0925 - 20 Carton
2025-06-15 13:00:00,-16.7,65.2,FZ-03,P5-B,Frozen Chicken - LOT#FF0925 - 20 Carton
2025-06-15 12:00:00,-17.9,66.0,FZ-03,P5-B,Frozen Chicken - LOT#FF0925 - 20 Carton
2025-06-15 11:00:00,-17.3,63.6,FZ-03,P5-B,Frozen Chicken - LOT#FF0925 - 20 Carton
2025-06-15 10:00:00,-17.7,65.4,FZ-03,P5-B,Frozen Chicken - LOT#FF0925 - 20 Carton
2025-06-15 09:00:00,-17.4,65.1,FZ-03,P5-B,Frozen Chicken - LOT#FF0925 - 20 Carton
2025-06-15 08:00:00,-17.7,65.2,FZ-03,P5-B,Frozen Chicken - LOT#FF0925 - 20 Carton
2025-06-15 07:00:00,-17.9,63.8,FZ-03,P5-B,Frozen Chicken - LOT#FF0925 - 20 Carton
2025-06-15 06:00:00,-18.9,59.7,FZ-03,P5-B,Frozen Chicken - LOT#FF0925 - 20 Carton
2025-06-15 05:00:00,-18.7,60.1,FZ-03,P5-B,Frozen Chicken - LOT#FF0925 - 20 Carton
2025-06-15 04:00:00,-18.8,59.2,FZ-03,P5-B,Frozen Chicken - LOT#FF0925 - 20 Carton
2025-06-15 03:00:00,-19.1,59.7,FZ-03,P5-B,Frozen Chicken - LOT#FF0925 - 20 Carton
2025-06-15 02:00:00,-18.9,58.0,FZ-03,P5-B,Frozen Chicken - LOT#FF0925 - 20 Carton
2025-06-15 01:00:00,-18.2,58.0,FZ-03,P5-B,Frozen Chicken - LOT#FF0925 - 20 Carton
